event_id,worker_id,event_type,event_date,from_org_id,to_org_id,from_cost_center_id,to_cost_center_id,from_job_profile_id,to_job_profile_id,from_position_id,to_position_id,created_at,Status
EVT-001,WRK-001,hire,2019-05-18,,ORG-072,,CC-070,,JP-TECH-004,,POS-001,2019-05-18 10:15:00,Hire
EVT-002,WRK-002,hire,2021-06-23,,ORG-001,,CC-001,,JP-EXEC-003,,POS-002,2021-06-23 10:15:00,termination
EVT-003,WRK-003,hire,2022-10-21,,ORG-050,,CC-050,,JP-MKT-002,,POS-003,2022-10-21 10:15:00,Hire
EVT-004,WRK-004,hire,2019-10-13,,ORG-050,,CC-201,,JP-RET-002,,POS-004,2019-10-13 10:15:00,termination
EVT-005,WRK-005,hire,2020-10-16,,ORG-203,,CC-203,,JP-RET-001,,POS-005,2020-10-16 10:15:00,Hire
EVT-006,WRK-006,hire,2023-08-07,,ORG-203,,CC-203,,JP-RET-001,,POS-006,2023-08-07 10:15:00,Hire
EVT-007,WRK-007,hire,2023-08-08,,ORG-222,,CC-222,,JP-RET-002,,POS-007,2023-08-08 10:15:00,Hire
EVT-008,WRK-008,hire,2017-01-30,,ORG-224,,CC-224,,JP-RET-001,,POS-008,2017-01-30 10:15:00,Hire
EVT-009,WRK-009,hire,2024-12-09,,ORG-214,,CC-214,,JP-RET-002,,POS-009,2024-12-09 10:15:00,Hire
EVT-010,WRK-010,hire,2019-07-27,,ORG-212,,CC-212,,JP-RET-002,,POS-010,2019-07-27 10:15:00,Hire
EVT-011,WRK-011,hire,2017-05-09,,ORG-212,,CC-222,,JP-RET-001,,POS-011,2017-05-09 10:15:00,Hire
EVT-012,WRK-012,hire,2017-10-18,,ORG-204,,CC-204,,JP-RET-002,,POS-012,2017-10-18 10:15:00,Hire
EVT-013,WRK-013,hire,2020-02-15,,ORG-205,,CC-205,,JP-RET-002,,POS-013,2020-02-15 10:15:00,Hire
EVT-014,WRK-014,hire,2019-05-28,,ORG-208,,CC-208,,JP-RET-002,,POS-014,2019-05-28 10:15:00,Hire
EVT-015,WRK-015,hire,2025-02-10,,ORG-202,,CC-202,,JP-RET-001,,POS-015,2025-02-10 10:15:00,Hire
EVT-016,WRK-016,hire,2019-09-23,,ORG-071,,CC-070,,JP-TECH-004,,POS-016,2019-09-23 10:15:00,Hire
EVT-017,WRK-017,hire,2019-02-19,,ORG-213,,CC-213,,JP-RET-001,,POS-017,2019-02-19 10:15:00,Hire
EVT-018,WRK-018,hire,2018-02-02,,ORG-213,,CC-213,,JP-RET-001,,POS-018,2018-02-02 10:15:00,Hire
EVT-019,WRK-019,hire,2020-12-22,,ORG-001,,CC-001,,JP-EXEC-006,,POS-019,2020-12-22 10:15:00,Hire
EVT-020,WRK-020,hire,2022-03-28,,ORG-205,,CC-205,,JP-RET-002,,POS-020,2022-03-28 10:15:00,Hire
EVT-021,WRK-021,hire,2024-07-21,,ORG-219,,CC-205,,JP-RET-001,,POS-021,2024-07-21 10:15:00,Hire
EVT-022,WRK-022,hire,2017-09-06,,ORG-031,,CC-030,,JP-SC-001,,POS-022,2017-09-06 10:15:00,Hire
EVT-023,WRK-023,hire,2020-10-21,,ORG-070,,CC-070,,JP-TECH-003,,POS-023,2020-10-21 10:15:00,Hire
EVT-024,WRK-024,hire,2019-02-24,,ORG-001,,CC-001,,JP-FIN-002,,POS-024,2019-02-24 10:15:00,Hire
EVT-025,WRK-025,hire,2018-07-29,,ORG-213,,CC-213,,JP-RET-003,,POS-025,2018-07-29 10:15:00,termination
EVT-026,WRK-026,hire,2020-02-15,,ORG-219,,CC-219,,JP-RET-001,,POS-026,2020-02-15 10:15:00,Hire
EVT-027,WRK-027,hire,2019-10-21,,ORG-222,,CC-222,,JP-RET-004,,POS-027,2019-10-21 10:15:00,Hire
EVT-028,WRK-028,hire,2021-12-21,,ORG-209,,CC-209,,JP-RET-002,,POS-028,2021-12-21 10:15:00,Hire
EVT-029,WRK-029,hire,2017-07-27,,ORG-208,,CC-208,,JP-RET-004,,POS-029,2017-07-27 10:15:00,Hire
EVT-030,WRK-030,hire,2018-01-18,,ORG-222,,CC-222,,JP-RET-001,,POS-030,2018-01-18 10:15:00,termination
EVT-031,WRK-031,hire,2021-07-23,,ORG-201,,CC-201,,JP-RET-001,,POS-031,2021-07-23 10:15:00,Hire
EVT-032,WRK-032,hire,2022-05-26,,ORG-104,,CC-001,,JP-RET-005,,POS-032,2022-05-26 10:15:00,Hire
EVT-033,WRK-033,hire,2017-08-29,,ORG-205,,CC-001,,JP-RET-002,,POS-033,2017-08-29 10:15:00,Hire
EVT-034,WRK-034,hire,2021-04-02,,ORG-080,,CC-080,,JP-HR-001,,POS-034,2021-04-02 10:15:00,Hire
EVT-035,WRK-035,hire,2019-12-23,,ORG-220,,CC-220,,JP-RET-002,,POS-035,2019-12-23 10:15:00,Hire
EVT-036,WRK-036,hire,2020-03-14,,ORG-110,,CC-001,,JP-RET-005,,POS-036,2020-03-14 10:15:00,Hire
EVT-037,WRK-037,hire,2018-09-27,,ORG-072,,CC-070,,JP-TECH-003,,POS-037,2018-09-27 10:15:00,Hire
EVT-038,WRK-038,hire,2019-06-11,,ORG-060,,CC-060,,JP-CX-001,,POS-038,2019-06-11 10:15:00,termination
EVT-039,WRK-039,hire,2017-08-23,,ORG-111,,CC-001,,JP-RET-005,,POS-039,2017-08-23 10:15:00,Hire
EVT-040,WRK-040,hire,2022-08-22,,ORG-217,,CC-217,,JP-RET-004,,POS-040,2022-08-22 10:15:00,Hire
EVT-041,WRK-041,hire,2017-08-21,,ORG-203,,CC-203,,JP-RET-001,,POS-041,2017-08-21 10:15:00,Hire
EVT-042,WRK-042,hire,2019-02-01,,ORG-050,,CC-050,,JP-FIN-001,,POS-042,2019-02-01 10:15:00,Hire
EVT-043,WRK-043,hire,2024-07-28,,ORG-032,,CC-030,,JP-SC-006,,POS-043,2024-07-28 10:15:00,Hire
EVT-044,WRK-044,hire,2018-05-07,,ORG-218,,CC-218,,JP-RET-002,,POS-044,2018-05-07 10:15:00,Hire
EVT-045,WRK-045,hire,2023-06-30,,ORG-218,,CC-218,,JP-RET-001,,POS-045,2023-06-30 10:15:00,Hire
EVT-046,WRK-046,hire,2023-12-12,,ORG-001,,CC-001,,JP-CX-002,,POS-046,2023-12-12 10:15:00,Hire
EVT-047,WRK-047,hire,2024-05-16,,ORG-212,,CC-212,,JP-RET-002,,POS-047,2024-05-16 10:15:00,Hire
EVT-048,WRK-048,hire,2019-12-05,,ORG-060,,CC-060,,JP-HR-001,,POS-048,2019-12-05 10:15:00,Hire
EVT-049,WRK-049,hire,2019-09-05,,ORG-220,,CC-220,,JP-RET-002,,POS-049,2019-09-05 10:15:00,Hire
EVT-050,WRK-050,hire,2021-06-10,,ORG-071,,CC-070,,JP-TECH-004,,POS-050,2021-06-10 10:15:00,Hire
EVT-051,WRK-051,hire,2022-02-16,,ORG-060,,CC-060,,JP-FIN-001,,POS-051,2022-02-16 10:15:00,Hire
EVT-052,WRK-052,hire,2017-02-08,,ORG-030,,CC-030,,JP-SC-004,,POS-052,2017-02-08 10:15:00,Hire
EVT-053,WRK-053,hire,2023-04-26,,ORG-213,,CC-213,,JP-RET-001,,POS-053,2023-04-26 10:15:00,Hire
EVT-054,WRK-054,hire,2017-10-28,,ORG-060,,CC-060,,JP-HR-001,,POS-054,2017-10-28 10:15:00,Hire
EVT-055,WRK-055,hire,2018-06-27,,ORG-208,,CC-208,,JP-RET-001,,POS-055,2018-06-27 10:15:00,Hire
EVT-056,WRK-056,hire,2017-10-09,,ORG-211,,CC-211,,JP-RET-004,,POS-056,2017-10-09 10:15:00,Hire
EVT-057,WRK-057,hire,2021-02-22,,ORG-209,,CC-209,,JP-RET-001,,POS-057,2021-02-22 10:15:00,Hire
EVT-058,WRK-058,hire,2018-10-09,,ORG-222,,CC-222,,JP-RET-004,,POS-058,2018-10-09 10:15:00,termination
EVT-059,WRK-059,hire,2023-11-11,,ORG-001,,CC-001,,JP-EXEC-003,,POS-059,2023-11-11 10:15:00,Hire
EVT-060,WRK-060,hire,2024-06-10,,ORG-206,,CC-206,,JP-RET-002,,POS-060,2024-06-10 10:15:00,Hire
EVT-061,WRK-061,hire,2018-07-05,,ORG-212,,CC-212,,JP-RET-002,,POS-061,2018-07-05 10:15:00,Hire
EVT-062,WRK-062,hire,2018-04-18,,ORG-213,,CC-213,,JP-RET-001,,POS-062,2018-04-18 10:15:00,Hire
EVT-063,WRK-063,hire,2025-04-29,,ORG-201,,CC-201,,JP-RET-002,,POS-063,2025-04-29 10:15:00,Hire
EVT-064,WRK-064,hire,2020-01-21,,ORG-222,,CC-222,,JP-RET-001,,POS-064,2020-01-21 10:15:00,Hire
EVT-065,WRK-065,hire,2023-10-14,,ORG-104,,CC-001,,JP-RET-005,,POS-065,2023-10-14 10:15:00,Hire
EVT-066,WRK-066,hire,2019-04-14,,ORG-211,,CC-211,,JP-RET-002,,POS-066,2019-04-14 10:15:00,Hire
EVT-067,WRK-067,hire,2022-09-02,,ORG-105,,CC-001,,JP-RET-005,,POS-067,2022-09-02 10:15:00,Hire
EVT-068,WRK-068,hire,2017-07-28,,ORG-222,,CC-222,,JP-RET-002,,POS-068,2017-07-28 10:15:00,Hire
EVT-069,WRK-069,hire,2024-02-12,,ORG-213,,CC-213,,JP-RET-004,,POS-069,2024-02-12 10:15:00,Hire
EVT-070,WRK-070,hire,2020-02-08,,ORG-210,,CC-210,,JP-RET-001,,POS-070,2020-02-08 10:15:00,Hire
EVT-071,WRK-071,hire,2017-01-15,,ORG-215,,CC-215,,JP-RET-002,,POS-071,2017-01-15 10:15:00,Hire
EVT-072,WRK-072,hire,2025-08-25,,ORG-217,,CC-217,,JP-RET-001,,POS-072,2025-08-25 10:15:00,Hire
EVT-073,WRK-073,hire,2024-02-23,,ORG-031,,CC-030,,JP-SC-006,,POS-073,2024-02-23 10:15:00,Hire
EVT-074,WRK-074,hire,2025-04-25,,ORG-203,,CC-203,,JP-RET-002,,POS-074,2025-04-25 10:15:00,Hire
EVT-075,WRK-075,hire,2023-03-10,,ORG-207,,CC-207,,JP-RET-003,,POS-075,2023-03-10 10:15:00,Hire
EVT-076,WRK-076,hire,2023-04-17,,ORG-208,,CC-208,,JP-RET-001,,POS-076,2023-04-17 10:15:00,Hire
EVT-077,WRK-077,hire,2018-04-04,,ORG-215,,CC-215,,JP-RET-003,,POS-077,2018-04-04 10:15:00,Hire
EVT-078,WRK-078,hire,2024-10-01,,ORG-223,,CC-223,,JP-RET-001,,POS-078,2024-10-01 10:15:00,Hire
EVT-079,WRK-079,hire,2023-02-13,,ORG-205,,CC-205,,JP-RET-001,,POS-079,2023-02-13 10:15:00,Hire
EVT-080,WRK-080,hire,2021-02-21,,ORG-090,,CC-090,,JP-FIN-002,,POS-080,2021-02-21 10:15:00,termination
EVT-081,WRK-081,hire,2018-06-07,,ORG-202,,CC-202,,JP-RET-002,,POS-081,2018-06-07 10:15:00,Hire
EVT-082,WRK-082,hire,2020-06-16,,ORG-020,,CC-020,,JP-TECH-002,,POS-082,2020-06-16 10:15:00,Hire
EVT-083,WRK-083,hire,2021-01-05,,ORG-001,,CC-001,,JP-CX-001,,POS-083,2021-01-05 10:15:00,Hire
EVT-084,WRK-084,hire,2024-06-24,,ORG-012,,CC-010,,JP-RET-005,,POS-084,2024-06-24 10:15:00,Hire
EVT-085,WRK-085,hire,2025-10-01,,ORG-090,,CC-090,,JP-MKT-002,,POS-085,2025-10-01 10:15:00,Hire
EVT-086,WRK-086,hire,2019-08-28,,ORG-032,,CC-030,,JP-SC-006,,POS-086,2019-08-28 10:15:00,Hire
EVT-087,WRK-087,hire,2021-08-16,,ORG-203,,CC-203,,JP-RET-002,,POS-087,2021-08-16 10:15:00,Hire
EVT-088,WRK-088,hire,2019-01-05,,ORG-211,,CC-211,,JP-RET-002,,POS-088,2019-01-05 10:15:00,Hire
EVT-089,WRK-089,hire,2025-10-10,,ORG-213,,CC-213,,JP-RET-001,,POS-089,2025-10-10 10:15:00,Hire
EVT-090,WRK-090,hire,2025-12-30,,ORG-032,,CC-030,,JP-SC-001,,POS-090,2025-12-30 10:15:00,Hire
EVT-091,WRK-091,hire,2018-10-15,,ORG-202,,CC-202,,JP-RET-002,,POS-091,2018-10-15 10:15:00,Hire
EVT-092,WRK-092,hire,2021-04-16,,ORG-001,,CC-001,,JP-MKT-001,,POS-092,2021-04-16 10:15:00,Hire
EVT-093,WRK-093,hire,2019-07-01,,ORG-090,,CC-090,,JP-CX-002,,POS-093,2019-07-01 10:15:00,Hire
EVT-094,WRK-094,hire,2020-12-03,,ORG-020,,CC-020,,JP-TECH-005,,POS-094,2020-12-03 10:15:00,Hire
EVT-095,WRK-095,hire,2019-07-03,,ORG-216,,CC-216,,JP-RET-001,,POS-095,2019-07-03 10:15:00,Hire
EVT-096,WRK-096,hire,2024-05-27,,ORG-201,,CC-201,,JP-RET-002,,POS-096,2024-05-27 10:15:00,Hire
EVT-097,WRK-097,hire,2021-06-21,,ORG-224,,CC-224,,JP-RET-002,,POS-097,2021-06-21 10:15:00,Hire
EVT-098,WRK-098,hire,2020-02-16,,ORG-001,,CC-001,,JP-FIN-003,,POS-098,2020-02-16 10:15:00,termination
EVT-099,WRK-099,hire,2024-03-12,,ORG-070,,CC-070,,JP-TECH-001,,POS-099,2024-03-12 10:15:00,Hire
EVT-100,WRK-100,hire,2017-04-24,,ORG-206,,CC-206,,JP-RET-002,,POS-100,2017-04-24 10:15:00,Hire
EVT-101,WRK-101,hire,2019-12-06,,ORG-207,,CC-207,,JP-RET-002,,POS-101,2019-12-06 10:15:00,Hire
EVT-102,WRK-102,hire,2023-07-07,,ORG-209,,CC-209,,JP-RET-002,,POS-102,2023-07-07 10:15:00,Hire
EVT-103,WRK-103,hire,2017-06-06,,ORG-216,,CC-216,,JP-RET-001,,POS-103,2017-06-06 10:15:00,Hire
EVT-104,WRK-104,hire,2023-09-10,,ORG-032,,CC-030,,JP-SC-001,,POS-104,2023-09-10 10:15:00,termination
EVT-105,WRK-105,hire,2025-10-27,,ORG-201,,CC-201,,JP-RET-001,,POS-105,2025-10-27 10:15:00,Hire
EVT-106,WRK-106,hire,2021-11-23,,ORG-220,,CC-220,,JP-RET-001,,POS-106,2021-11-23 10:15:00,Hire
EVT-107,WRK-107,hire,2021-04-27,,ORG-222,,CC-222,,JP-RET-002,,POS-107,2021-04-27 10:15:00,Hire
EVT-108,WRK-108,hire,2019-11-10,,ORG-215,,CC-215,,JP-RET-001,,POS-108,2019-11-10 10:15:00,Hire
EVT-109,WRK-109,hire,2024-12-13,,ORG-030,,CC-030,,JP-SC-002,,POS-109,2024-12-13 10:15:00,termination
EVT-110,WRK-110,hire,2023-01-15,,ORG-021,,CC-020,,JP-TECH-002,,POS-110,2023-01-15 10:15:00,Hire
EVT-111,WRK-111,hire,2021-11-02,,ORG-001,,CC-001,,JP-EXEC-005,,POS-111,2021-11-02 10:15:00,Hire
EVT-112,WRK-112,hire,2023-12-28,,ORG-070,,CC-070,,JP-TECH-004,,POS-112,2023-12-28 10:15:00,Hire
EVT-113,WRK-113,hire,2025-01-27,,ORG-222,,CC-222,,JP-RET-002,,POS-113,2025-01-27 10:15:00,Hire
EVT-114,WRK-114,hire,2022-09-09,,ORG-031,,CC-030,,JP-SC-005,,POS-114,2022-09-09 10:15:00,Hire
EVT-115,WRK-115,hire,2021-07-31,,ORG-203,,CC-203,,JP-RET-002,,POS-115,2021-07-31 10:15:00,Hire
EVT-116,WRK-116,hire,2021-07-07,,ORG-216,,CC-216,,JP-RET-002,,POS-116,2021-07-07 10:15:00,Hire
EVT-117,WRK-117,hire,2023-03-21,,ORG-221,,CC-221,,JP-RET-002,,POS-117,2023-03-21 10:15:00,Hire
EVT-118,WRK-118,hire,2019-02-25,,ORG-031,,CC-030,,JP-SC-004,,POS-118,2019-02-25 10:15:00,Hire
EVT-119,WRK-119,hire,2021-04-02,,ORG-090,,CC-090,,JP-CX-001,,POS-119,2021-04-02 10:15:00,Hire
EVT-120,WRK-120,hire,2021-07-22,,ORG-080,,CC-080,,JP-CX-002,,POS-120,2021-07-22 10:15:00,Hire
EVT-121,WRK-121,hire,2020-03-21,,ORG-080,,CC-080,,JP-FIN-002,,POS-121,2020-03-21 10:15:00,Hire
EVT-122,WRK-122,hire,2025-10-24,,ORG-219,,CC-219,,JP-RET-002,,POS-122,2025-10-24 10:15:00,Hire
EVT-123,WRK-123,hire,2022-03-20,,ORG-211,,CC-211,,JP-RET-002,,POS-123,2022-03-20 10:15:00,Hire
EVT-124,WRK-124,hire,2021-12-17,,ORG-209,,CC-209,,JP-RET-002,,POS-124,2021-12-17 10:15:00,Hire
EVT-125,WRK-125,hire,2022-09-25,,ORG-218,,CC-218,,JP-RET-002,,POS-125,2022-09-25 10:15:00,Hire
EVT-126,WRK-126,hire,2025-11-26,,ORG-203,,CC-203,,JP-RET-001,,POS-126,2025-11-26 10:15:00,Hire
EVT-127,WRK-127,hire,2024-05-22,,ORG-030,,CC-030,,JP-SC-004,,POS-127,2024-05-22 10:15:00,Hire
EVT-128,WRK-128,hire,2022-10-13,,ORG-215,,CC-215,,JP-RET-002,,POS-128,2022-10-13 10:15:00,Hire
EVT-129,WRK-129,hire,2018-01-18,,ORG-213,,CC-213,,JP-RET-001,,POS-129,2018-01-18 10:15:00,Hire
EVT-130,WRK-130,hire,2024-07-18,,ORG-216,,CC-216,,JP-RET-002,,POS-130,2024-07-18 10:15:00,Hire
EVT-131,WRK-131,hire,2019-07-10,,ORG-212,,CC-212,,JP-RET-002,,POS-131,2019-07-10 10:15:00,Hire
EVT-132,WRK-132,hire,2018-08-27,,ORG-208,,CC-208,,JP-RET-002,,POS-132,2018-08-27 10:15:00,Hire
EVT-133,WRK-133,hire,2017-07-09,,ORG-031,,CC-030,,JP-SC-003,,POS-133,2017-07-09 10:15:00,Hire
EVT-134,WRK-134,hire,2023-11-09,,ORG-209,,CC-209,,JP-RET-002,,POS-134,2023-11-09 10:15:00,Hire
EVT-135,WRK-135,hire,2022-02-09,,ORG-001,,CC-001,,JP-EXEC-002,,POS-135,2022-02-09 10:15:00,termination
EVT-136,WRK-136,hire,2022-07-18,,ORG-210,,CC-210,,JP-RET-001,,POS-136,2022-07-18 10:15:00,Hire
EVT-137,WRK-137,hire,2019-09-27,,ORG-032,,CC-030,,JP-SC-002,,POS-137,2019-09-27 10:15:00,Hire
EVT-138,WRK-138,hire,2024-09-17,,ORG-221,,CC-221,,JP-RET-001,,POS-138,2024-09-17 10:15:00,termination
EVT-139,WRK-139,hire,2025-09-24,,ORG-219,,CC-219,,JP-RET-001,,POS-139,2025-09-24 10:15:00,Hire
EVT-140,WRK-140,hire,2019-06-16,,ORG-211,,CC-211,,JP-RET-002,,POS-140,2019-06-16 10:15:00,Hire
EVT-141,WRK-141,hire,2026-01-07,,ORG-020,,CC-020,,JP-TECH-005,,POS-141,2026-01-07 10:15:00,Hire
EVT-142,WRK-142,hire,2023-04-03,,ORG-090,,CC-090,,JP-MKT-001,,POS-142,2023-04-03 10:15:00,Hire
EVT-143,WRK-143,hire,2022-02-13,,ORG-205,,CC-205,,JP-RET-001,,POS-143,2022-02-13 10:15:00,Hire
EVT-144,WRK-144,hire,2025-12-27,,ORG-050,,CC-050,,JP-HR-002,,POS-144,2025-12-27 10:15:00,Hire
EVT-145,WRK-145,hire,2025-06-21,,ORG-220,,CC-220,,JP-RET-002,,POS-145,2025-06-21 10:15:00,Hire
EVT-146,WRK-146,hire,2023-11-15,,ORG-032,,CC-030,,JP-SC-004,,POS-146,2023-11-15 10:15:00,Hire
EVT-147,WRK-147,hire,2022-01-01,,ORG-080,,CC-080,,JP-MKT-001,,POS-147,2022-01-01 10:15:00,Hire
EVT-148,WRK-148,hire,2022-01-18,,ORG-104,,CC-001,,JP-RET-005,,POS-148,2022-01-18 10:15:00,Hire
EVT-149,WRK-149,hire,2024-02-25,,ORG-222,,CC-222,,JP-RET-004,,POS-149,2024-02-25 10:15:00,Hire
EVT-150,WRK-150,hire,2025-08-03,,ORG-206,,CC-206,,JP-RET-001,,POS-150,2025-08-03 10:15:00,Hire
EVT-151,WRK-151,hire,2024-01-12,,ORG-215,,CC-215,,JP-RET-002,,POS-151,2024-01-12 10:15:00,Hire
EVT-152,WRK-152,hire,2020-01-30,,ORG-210,,CC-210,,JP-RET-001,,POS-152,2020-01-30 10:15:00,Hire
EVT-153,WRK-153,hire,2017-11-14,,ORG-031,,CC-030,,JP-SC-004,,POS-153,2017-11-14 10:15:00,Hire
EVT-154,WRK-154,hire,2020-01-18,,ORG-030,,CC-030,,JP-SC-006,,POS-154,2020-01-18 10:15:00,Hire
EVT-155,WRK-155,hire,2023-01-22,,ORG-221,,CC-221,,JP-RET-001,,POS-155,2023-01-22 10:15:00,Hire
EVT-156,WRK-156,hire,2018-07-21,,ORG-070,,CC-070,,JP-TECH-003,,POS-156,2018-07-21 10:15:00,Hire
EVT-157,WRK-157,hire,2021-04-18,,ORG-220,,CC-220,,JP-RET-002,,POS-157,2021-04-18 10:15:00,Hire
EVT-158,WRK-158,hire,2024-12-03,,ORG-223,,CC-223,,JP-RET-002,,POS-158,2024-12-03 10:15:00,Hire
EVT-159,WRK-159,hire,2017-09-21,,ORG-217,,CC-217,,JP-RET-004,,POS-159,2017-09-21 10:15:00,termination
EVT-160,WRK-160,hire,2020-09-17,,ORG-203,,CC-203,,JP-RET-002,,POS-160,2020-09-17 10:15:00,termination
EVT-161,WRK-161,hire,2021-08-31,,ORG-001,,CC-001,,JP-HR-003,,POS-161,2021-08-31 10:15:00,Hire
EVT-162,WRK-162,hire,2021-09-17,,ORG-222,,CC-222,,JP-RET-001,,POS-162,2021-09-17 10:15:00,termination
EVT-163,WRK-163,hire,2025-08-02,,ORG-001,,CC-001,,JP-EXEC-003,,POS-163,2025-08-02 10:15:00,Hire
EVT-164,WRK-164,hire,2017-01-25,,ORG-032,,CC-030,,JP-SC-002,,POS-164,2017-01-25 10:15:00,Hire
EVT-165,WRK-165,hire,2025-06-14,,ORG-221,,CC-221,,JP-RET-002,,POS-165,2025-06-14 10:15:00,Hire
EVT-166,WRK-166,hire,2021-09-13,,ORG-001,,CC-001,,JP-EXEC-006,,POS-166,2021-09-13 10:15:00,termination
EVT-167,WRK-167,hire,2019-06-18,,ORG-222,,CC-222,,JP-RET-002,,POS-167,2019-06-18 10:15:00,Hire
EVT-168,WRK-168,hire,2021-11-21,,ORG-090,,CC-090,,JP-HR-003,,POS-168,2021-11-21 10:15:00,Hire
EVT-169,WRK-169,hire,2021-05-12,,ORG-218,,CC-218,,JP-RET-002,,POS-169,2021-05-12 10:15:00,Hire
EVT-170,WRK-170,hire,2024-07-02,,ORG-209,,CC-209,,JP-RET-002,,POS-170,2024-07-02 10:15:00,Hire
EVT-171,WRK-171,hire,2025-02-14,,ORG-217,,CC-217,,JP-RET-002,,POS-171,2025-02-14 10:15:00,Hire
EVT-172,WRK-172,hire,2022-03-30,,ORG-013,,CC-010,,JP-RET-005,,POS-172,2022-03-30 10:15:00,Hire
EVT-173,WRK-173,hire,2021-06-02,,ORG-220,,CC-220,,JP-RET-002,,POS-173,2021-06-02 10:15:00,Hire
EVT-174,WRK-174,hire,2017-12-10,,ORG-207,,CC-207,,JP-RET-003,,POS-174,2017-12-10 10:15:00,termination
EVT-175,WRK-175,hire,2018-07-10,,ORG-210,,CC-210,,JP-RET-001,,POS-175,2018-07-10 10:15:00,Hire
EVT-176,WRK-176,hire,2019-01-15,,ORG-050,,CC-050,,JP-MKT-002,,POS-176,2019-01-15 10:15:00,Hire
EVT-177,WRK-177,hire,2021-04-02,,ORG-071,,CC-070,,JP-TECH-004,,POS-177,2021-04-02 10:15:00,Hire
EVT-178,WRK-178,hire,2022-02-06,,ORG-203,,CC-203,,JP-RET-002,,POS-178,2022-02-06 10:15:00,termination
EVT-179,WRK-179,hire,2025-07-15,,ORG-001,,CC-001,,JP-EXEC-001,,POS-179,2025-07-15 10:15:00,Hire
EVT-180,WRK-180,hire,2025-06-08,,ORG-020,,CC-020,,JP-TECH-003,,POS-180,2025-06-08 10:15:00,Hire
EVT-181,WRK-181,hire,2017-12-02,,ORG-214,,CC-214,,JP-RET-002,,POS-181,2017-12-02 10:15:00,Hire
EVT-182,WRK-182,hire,2017-03-21,,ORG-001,,CC-001,,JP-EXEC-002,,POS-182,2017-03-21 10:15:00,Hire
EVT-183,WRK-183,hire,2019-07-08,,ORG-207,,CC-207,,JP-RET-002,,POS-183,2019-07-08 10:15:00,Hire
EVT-184,WRK-184,hire,2025-10-05,,ORG-090,,CC-090,,JP-HR-002,,POS-184,2025-10-05 10:15:00,Hire
EVT-185,WRK-185,hire,2019-10-10,,ORG-070,,CC-070,,JP-TECH-005,,POS-185,2019-10-10 10:15:00,Hire
EVT-186,WRK-186,hire,2023-12-20,,ORG-030,,CC-030,,JP-SC-005,,POS-186,2023-12-20 10:15:00,Hire
EVT-187,WRK-187,hire,2018-06-02,,ORG-212,,CC-212,,JP-RET-002,,POS-187,2018-06-02 10:15:00,Hire
EVT-188,WRK-188,hire,2024-07-05,,ORG-215,,CC-215,,JP-RET-002,,POS-188,2024-07-05 10:15:00,Hire
EVT-189,WRK-189,hire,2023-04-30,,ORG-001,,CC-001,,JP-HR-001,,POS-189,2023-04-30 10:15:00,Hire
EVT-190,WRK-190,hire,2024-11-05,,ORG-202,,CC-202,,JP-RET-002,,POS-190,2024-11-05 10:15:00,Hire
EVT-191,WRK-191,hire,2025-08-08,,ORG-032,,CC-030,,JP-SC-006,,POS-191,2025-08-08 10:15:00,Hire
EVT-192,WRK-192,hire,2023-10-18,,ORG-031,,CC-030,,JP-SC-006,,POS-192,2023-10-18 10:15:00,termination
EVT-193,WRK-193,hire,2020-06-28,,ORG-204,,CC-204,,JP-RET-002,,POS-193,2020-06-28 10:15:00,Hire
EVT-194,WRK-194,hire,2023-06-29,,ORG-201,,CC-201,,JP-RET-002,,POS-194,2023-06-29 10:15:00,Hire
EVT-195,WRK-195,hire,2020-07-01,,ORG-203,,CC-203,,JP-RET-001,,POS-195,2020-07-01 10:15:00,Hire
EVT-196,WRK-196,hire,2021-06-13,,ORG-032,,CC-030,,JP-SC-003,,POS-196,2021-06-13 10:15:00,Hire
EVT-197,WRK-197,hire,2023-08-23,,ORG-222,,CC-222,,JP-RET-002,,POS-197,2023-08-23 10:15:00,termination
EVT-198,WRK-198,hire,2018-02-22,,ORG-001,,CC-001,,JP-EXEC-006,,POS-198,2018-02-22 10:15:00,Hire
EVT-199,WRK-199,hire,2025-12-06,,ORG-221,,CC-221,,JP-RET-003,,POS-199,2025-12-06 10:15:00,Hire
EVT-200,WRK-200,hire,2020-11-23,,ORG-208,,CC-208,,JP-RET-004,,POS-200,2020-11-23 10:15:00,Hire
EVT-221,WRK-301,hire,2026-01-30,,ORG-01,,CC-001,,JP-EXEC-004,,,,Hire
EVT-222,WRK-302,hire,2026-01-30,,ORG-201,,CC-201,,JP-RET-002,,,,Hire
EVT-223,WRK-303,hire,2026-01-30,,ORG-203,,CC-203,,JP-RET-001,,,,Hire
EVT-224,WRK-304,hire,2026-01-30,,ORG-071,,CC-070,,JP-TECH-004,,,,Hire
EVT-225,WRK-304,hire,2026-01-30,,ORG-001,,CC-001,,JP-EXEC-006,,,,Hire