InvoiceID,Contact,CurrencyCode,DueDate,InvoiceNumber,Date,Status,SubTotal,Total,TotalTax,Type,AmountDue,AmountPaid,AmountCredited
inv-001,"{""ContactID"": ""253817ff-ffa3-457b-a1a0-13648769c21b"", ""Name"": ""Ironwood Contract Manufacturing""}",USD,2021-04-07,INV-00001,2021-02-21,AUTHORISED,27267.98,27267.98,0.00,ACCREC,27267.98,0.00,0.00
inv-002,"{""ContactID"": ""e3d1b90c-0e97-47b5-a8a4-e4e8dc865684"", ""Name"": ""Ethan Ramirez""}",USD,2021-03-22,INV-00002,2021-03-07,AUTHORISED,43797.31,43797.31,0.00,ACCREC,43797.31,0.00,0.00
inv-003,"{""ContactID"": ""4e386703-b7b9-40b4-9d45-d68d8e5042c3"", ""Name"": ""Sophia Lopez""}",USD,2023-06-09,BILL-00001,2023-05-10,PAID,26789.02,28731.22,1942.20,ACCPAY,0.00,28731.22,0.00
inv-004,"{""ContactID"": ""ed87359f-912b-4422-a4c9-436f68e965d2"", ""Name"": ""BlueRiver HVAC Group""}",USD,2021-12-15,INV-00003,2021-11-15,PAID,62245.53,62245.53,0.00,ACCREC,0.00,62245.53,0.00
inv-005,"{""ContactID"": ""f4f9c1c6-032b-4b17-852b-8dfd9f71ec3e"", ""Name"": ""Summit Medical Devices""}",USD,2021-05-29,INV-00004,2021-03-30,PAID,175228.05,175228.05,0.00,ACCREC,0.00,175228.05,0.00
inv-006,"{""ContactID"": ""f4f9c1c6-032b-4b17-852b-8dfd9f71ec3e"", ""Name"": ""Summit Medical Devices""}",USD,2023-02-10,INV-00005,2023-01-11,PAID,10633.83,10633.83,0.00,ACCREC,0.00,10633.83,0.00
inv-007,"{""ContactID"": ""84dabdd5-6884-474a-a301-5d6f90390816"", ""Name"": ""Pioneer Industrial Systems""}",USD,2021-09-24,INV-00006,2021-07-26,AUTHORISED,115333.99,115333.99,0.00,ACCREC,115333.99,0.00,0.00
inv-008,"{""ContactID"": ""db7adbfe-6226-48b6-b101-295834e7fb30"", ""Name"": ""Maya Chen""}",USD,2024-11-15,INV-00007,2024-10-31,PAID,32877.11,32877.11,0.00,ACCREC,0.00,32877.11,0.00
inv-009,"{""ContactID"": ""76d4b1b8-ee18-49ed-823f-efea7e2a2bcb"", ""Name"": ""Old Freight Vendor (Closed)""}",USD,2024-09-02,BILL-00002,2024-08-03,PAID,80149.51,85960.35,5810.84,ACCPAY,0.00,85960.35,0.00
inv-010,"{""ContactID"": ""4e386703-b7b9-40b4-9d45-d68d8e5042c3"", ""Name"": ""Sophia Lopez""}",USD,2023-05-17,BILL-00003,2023-04-02,DRAFT,86791.36,86791.36,0.00,ACCPAY,86791.36,0.00,0.00
inv-011,"{""ContactID"": ""253817ff-ffa3-457b-a1a0-13648769c21b"", ""Name"": ""Ironwood Contract Manufacturing""}",USD,2022-05-11,BILL-00004,2022-03-12,AUTHORISED,86924.75,86924.75,0.00,ACCPAY,86924.75,0.00,0.00
inv-012,"{""ContactID"": ""ae0395d0-796b-40c2-af22-30d5d49dde5a"", ""Name"": ""Granite Defense Manufacturing""}",CAD,2024-04-09,INV-00008,2024-02-24,PAID,78547.00,78547.00,0.00,ACCREC,0.00,78547.00,0.00
inv-013,"{""ContactID"": ""298a050a-d6e0-46e5-b5dd-64e5ba22af07"", ""Name"": ""Atlas Mobility Solutions""}",USD,2023-10-23,INV-00009,2023-10-08,PAID,155345.77,155345.77,0.00,ACCREC,0.00,155345.77,0.00
inv-014,"{""ContactID"": ""cd376f44-bd8f-4747-a542-9ed0634b70fa"", ""Name"": ""Legacy OEM - Redwood Appliances""}",USD,2023-04-29,INV-00010,2023-02-28,PAID,85578.86,85578.86,0.00,ACCREC,0.00,85578.86,0.00
inv-015,"{""ContactID"": ""0a5b2fa9-8eec-4d6d-9b90-6b7a557aefd6"", ""Name"": ""Portside Freight & Logistics""}",USD,2021-10-07,BILL-00005,2021-08-23,PAID,32646.58,32646.58,0.00,ACCPAY,0.00,32646.58,0.00
inv-016,"{""ContactID"": ""db7adbfe-6226-48b6-b101-295834e7fb30"", ""Name"": ""Maya Chen""}",USD,2022-07-24,INV-00011,2022-06-24,PAID,21387.92,22938.54,1550.62,ACCREC,0.00,22938.54,0.00
inv-017,"{""ContactID"": ""a97b7a0c-f572-4527-b6da-6e4cb6e57e39"", ""Name"": ""Noah Singh""}",USD,2024-01-25,BILL-00006,2024-01-10,PAID,46673.24,46673.24,0.00,ACCPAY,0.00,46673.24,0.00
inv-018,"{""ContactID"": ""2e1af66a-ed2b-4af7-b5cc-b1e0ae96bc41"", ""Name"": ""PrecisionForge Machining""}",USD,2022-10-22,BILL-00007,2022-09-22,DRAFT,83471.91,87645.51,4173.60,ACCPAY,87645.51,0.00,0.00
inv-019,"{""ContactID"": ""cf2c1de3-fd04-4814-b314-10ac9f5e28e1"", ""Name"": ""Kestrel Surface Finishing""}",USD,2021-06-21,BILL-00008,2021-05-22,AUTHORISED,45414.18,45414.18,0.00,ACCPAY,45414.18,0.00,0.00
inv-020,"{""ContactID"": ""dccdff59-c48c-4088-8023-3559186cc103"", ""Name"": ""TriState Plastics""}",USD,2023-06-16,BILL-00009,2023-05-17,PAID,71872.56,77442.68,5570.12,ACCPAY,0.00,77442.68,0.00
inv-021,"{""ContactID"": ""e3d1b90c-0e97-47b5-a8a4-e4e8dc865684"", ""Name"": ""Ethan Ramirez""}",USD,2023-04-05,INV-00012,2023-02-04,PAID,82638.79,82638.79,0.00,ACCREC,0.00,76408.47,6230.32
inv-022,"{""ContactID"": ""f4f9c1c6-032b-4b17-852b-8dfd9f71ec3e"", ""Name"": ""Summit Medical Devices""}",USD,2021-01-30,INV-00013,2021-01-15,PAID,270418.42,270418.42,0.00,ACCREC,0.00,270418.42,0.00
inv-023,"{""ContactID"": ""59870b17-8538-4a62-888a-55a0508d0687"", ""Name"": ""Helios Solar Hardware""}",EUR,2023-10-22,INV-00014,2023-09-22,PAID,130895.08,130895.08,0.00,ACCREC,0.00,130895.08,0.00
inv-024,"{""ContactID"": ""1d3d34db-a180-4a99-baa0-d5f463977fcb"", ""Name"": ""Sequoia Smart Home""}",USD,2023-05-14,INV-00015,2023-04-14,AUTHORISED,119469.44,119469.44,0.00,ACCREC,119469.44,0.00,0.00
inv-025,"{""ContactID"": ""db7adbfe-6226-48b6-b101-295834e7fb30"", ""Name"": ""Maya Chen""}",USD,2024-09-15,INV-00016,2024-08-31,DRAFT,131757.91,131757.91,0.00,ACCREC,131757.91,0.00,0.00
inv-026,"{""ContactID"": ""cd376f44-bd8f-4747-a542-9ed0634b70fa"", ""Name"": ""Legacy OEM - Redwood Appliances""}",USD,2024-03-04,INV-00017,2024-01-04,AUTHORISED,35069.13,36822.59,1753.46,ACCREC,36822.59,0.00,0.00
inv-027,"{""ContactID"": ""8527da1b-699b-4da2-b600-658015bb982e"", ""Name"": ""Nimbus Cloud Software""}",USD,2024-02-17,BILL-00010,2024-02-02,DRAFT,94932.19,99678.80,4746.61,ACCPAY,99678.80,0.00,0.00
inv-028,"{""ContactID"": ""8527da1b-699b-4da2-b600-658015bb982e"", ""Name"": ""Nimbus Cloud Software""}",USD,2022-05-30,BILL-00011,2022-04-30,AUTHORISED,45988.37,48287.79,2299.42,ACCPAY,48287.79,0.00,0.00
inv-029,"{""ContactID"": ""298a050a-d6e0-46e5-b5dd-64e5ba22af07"", ""Name"": ""Atlas Mobility Solutions""}",USD,2023-04-25,INV-00018,2023-03-11,PAID,141860.46,141860.46,0.00,ACCREC,0.00,141860.46,0.00
inv-030,"{""ContactID"": ""2e1af66a-ed2b-4af7-b5cc-b1e0ae96bc41"", ""Name"": ""PrecisionForge Machining""}",USD,2024-11-16,BILL-00012,2024-09-17,AUTHORISED,28538.89,29965.83,1426.94,ACCPAY,29965.83,0.00,0.00
inv-031,"{""ContactID"": ""298a050a-d6e0-46e5-b5dd-64e5ba22af07"", ""Name"": ""Atlas Mobility Solutions""}",USD,2024-06-10,INV-00019,2024-04-11,PAID,153857.78,161550.67,7692.89,ACCREC,0.00,161550.67,0.00
inv-032,"{""ContactID"": ""253817ff-ffa3-457b-a1a0-13648769c21b"", ""Name"": ""Ironwood Contract Manufacturing""}",USD,2021-06-19,INV-00020,2021-05-20,AUTHORISED,169633.31,169633.31,0.00,ACCREC,164849.93,0.00,4783.38
inv-033,"{""ContactID"": ""a5864997-f9a5-410b-a0c0-8919aaf41ea7"", ""Name"": ""Olivia Nguyen""}",USD,2024-04-17,INV-00021,2024-03-03,PAID,38756.01,38756.01,0.00,ACCREC,0.00,38756.01,0.00
inv-034,"{""ContactID"": ""7267349e-528a-489a-8cca-00ae7457dc4e"", ""Name"": ""Tidewater Marine Systems""}",USD,2022-11-06,INV-00022,2022-09-07,AUTHORISED,135955.95,135955.95,0.00,ACCREC,135955.95,0.00,0.00
inv-035,"{""ContactID"": ""2e1af66a-ed2b-4af7-b5cc-b1e0ae96bc41"", ""Name"": ""PrecisionForge Machining""}",USD,2021-06-30,BILL-00013,2021-05-31,PAID,13017.15,13017.15,0.00,ACCPAY,0.00,13017.15,0.00
inv-036,"{""ContactID"": ""a5864997-f9a5-410b-a0c0-8919aaf41ea7"", ""Name"": ""Olivia Nguyen""}",USD,2022-09-06,INV-00023,2022-08-07,PAID,98921.19,103867.25,4946.06,ACCREC,0.00,103867.25,0.00
inv-037,"{""ContactID"": ""59870b17-8538-4a62-888a-55a0508d0687"", ""Name"": ""Helios Solar Hardware""}",EUR,2024-10-05,INV-00024,2024-09-20,PAID,26336.67,26336.67,0.00,ACCREC,0.00,26336.67,0.00
inv-038,"{""ContactID"": ""e3d1b90c-0e97-47b5-a8a4-e4e8dc865684"", ""Name"": ""Ethan Ramirez""}",USD,2024-06-22,INV-00025,2024-05-23,PAID,38638.52,38638.52,0.00,ACCREC,0.00,38638.52,0.00
inv-039,"{""ContactID"": ""b80723cb-df22-45a1-a2c6-52e749c642c0"", ""Name"": ""Westfield Equipment Leasing""}",USD,2021-04-30,BILL-00014,2021-04-15,PAID,78873.39,78873.39,0.00,ACCPAY,0.00,78873.39,0.00
inv-040,"{""ContactID"": ""f4f9c1c6-032b-4b17-852b-8dfd9f71ec3e"", ""Name"": ""Summit Medical Devices""}",USD,2022-07-21,INV-00026,2022-06-21,PAID,100423.27,100423.27,0.00,ACCREC,0.00,100423.27,0.00
inv-041,"{""ContactID"": ""f3fdea38-5556-41ca-ab56-7977a16d778f"", ""Name"": ""Stonebridge Legal""}",USD,2021-11-17,BILL-00015,2021-11-02,PAID,55547.15,55547.15,0.00,ACCPAY,0.00,55547.15,0.00
inv-042,"{""ContactID"": ""298a050a-d6e0-46e5-b5dd-64e5ba22af07"", ""Name"": ""Atlas Mobility Solutions""}",USD,2021-05-07,INV-00027,2021-03-23,AUTHORISED,46791.53,50768.81,3977.28,ACCREC,50768.81,0.00,0.00
inv-043,"{""ContactID"": ""cf2c1de3-fd04-4814-b314-10ac9f5e28e1"", ""Name"": ""Kestrel Surface Finishing""}",USD,2022-05-30,BILL-00016,2022-04-30,PAID,77117.93,80973.83,3855.90,ACCPAY,0.00,80973.83,0.00
inv-044,"{""ContactID"": ""6e00dc03-e07e-4772-ab3f-977e394f5b71"", ""Name"": ""Frontier Engineering Partners""}",USD,2023-05-24,BILL-00017,2023-04-24,AUTHORISED,74906.89,74906.89,0.00,ACCPAY,74906.89,0.00,0.00
inv-045,"{""ContactID"": ""6e00dc03-e07e-4772-ab3f-977e394f5b71"", ""Name"": ""Frontier Engineering Partners""}",USD,2022-05-01,BILL-00018,2022-04-01,PAID,43998.66,43998.66,0.00,ACCPAY,0.00,43998.66,0.00
inv-046,"{""ContactID"": ""db7adbfe-6226-48b6-b101-295834e7fb30"", ""Name"": ""Maya Chen""}",USD,2021-03-20,INV-00028,2021-02-18,AUTHORISED,752662.31,752662.31,0.00,ACCREC,752662.31,0.00,0.00
inv-047,"{""ContactID"": ""1d3d34db-a180-4a99-baa0-d5f463977fcb"", ""Name"": ""Sequoia Smart Home""}",USD,2024-02-18,INV-00029,2024-01-04,PAID,22973.16,22973.16,0.00,ACCREC,0.00,22973.16,0.00
inv-048,"{""ContactID"": ""59870b17-8538-4a62-888a-55a0508d0687"", ""Name"": ""Helios Solar Hardware""}",EUR,2021-10-10,INV-00030,2021-08-11,AUTHORISED,142091.00,149195.55,7104.55,ACCREC,149195.55,0.00,0.00
inv-049,"{""ContactID"": ""6e00dc03-e07e-4772-ab3f-977e394f5b71"", ""Name"": ""Frontier Engineering Partners""}",USD,2022-06-21,INV-00031,2022-06-06,PAID,2800.20,2800.20,0.00,ACCREC,0.00,2800.20,0.00
inv-050,"{""ContactID"": ""a97b7a0c-f572-4527-b6da-6e4cb6e57e39"", ""Name"": ""Noah Singh""}",USD,2024-11-04,BILL-00019,2024-10-05,AUTHORISED,7112.53,7663.75,551.22,ACCPAY,7663.75,0.00,0.00
inv-051,"{""ContactID"": ""cd376f44-bd8f-4747-a542-9ed0634b70fa"", ""Name"": ""Legacy OEM - Redwood Appliances""}",USD,2021-10-28,INV-00032,2021-09-13,PAID,120873.49,120873.49,0.00,ACCREC,0.00,120873.49,0.00
inv-052,"{""ContactID"": ""7267349e-528a-489a-8cca-00ae7457dc4e"", ""Name"": ""Tidewater Marine Systems""}",USD,2024-11-22,INV-00033,2024-09-23,PAID,162747.98,162747.98,0.00,ACCREC,0.00,162747.98,0.00
inv-053,"{""ContactID"": ""cd376f44-bd8f-4747-a542-9ed0634b70fa"", ""Name"": ""Legacy OEM - Redwood Appliances""}",USD,2022-09-10,INV-00034,2022-08-11,PAID,105447.30,105447.30,0.00,ACCREC,0.00,105447.30,0.00
inv-054,"{""ContactID"": ""253817ff-ffa3-457b-a1a0-13648769c21b"", ""Name"": ""Ironwood Contract Manufacturing""}",USD,2023-09-27,INV-00035,2023-08-28,PAID,52872.09,52872.09,0.00,ACCREC,0.00,52872.09,0.00
inv-055,"{""ContactID"": ""03e8bd81-fcf7-4260-8abe-1ab3c5165c35"", ""Name"": ""Harborview Insurance Brokers""}",USD,2022-06-11,BILL-00020,2022-04-27,AUTHORISED,19317.78,19317.78,0.00,ACCPAY,19317.78,0.00,0.00
inv-056,"{""ContactID"": ""e3d1b90c-0e97-47b5-a8a4-e4e8dc865684"", ""Name"": ""Ethan Ramirez""}",USD,2021-07-29,INV-00036,2021-05-30,AUTHORISED,114283.36,114283.36,0.00,ACCREC,114283.36,0.00,0.00
inv-057,"{""ContactID"": ""cd376f44-bd8f-4747-a542-9ed0634b70fa"", ""Name"": ""Legacy OEM - Redwood Appliances""}",USD,2024-09-20,INV-00037,2024-09-05,PAID,155228.20,155228.20,0.00,ACCREC,0.00,155228.20,0.00
inv-058,"{""ContactID"": ""8527da1b-699b-4da2-b600-658015bb982e"", ""Name"": ""Nimbus Cloud Software""}",USD,2025-01-25,BILL-00021,2024-11-26,DRAFT,24049.24,26093.43,2044.19,ACCPAY,26093.43,0.00,0.00
inv-059,"{""ContactID"": ""f4f9c1c6-032b-4b17-852b-8dfd9f71ec3e"", ""Name"": ""Summit Medical Devices""}",USD,2023-09-24,INV-00038,2023-08-10,PAID,160728.10,160728.10,0.00,ACCREC,0.00,160728.10,0.00
inv-060,"{""ContactID"": ""dad6a0b3-961f-48ad-8627-485ffc17a70b"", ""Name"": ""Sierra Tooling & Dies""}",USD,2024-03-28,BILL-00022,2024-01-28,PAID,70775.44,70775.44,0.00,ACCPAY,0.00,70775.44,0.00
inv-061,"{""ContactID"": ""1d3d34db-a180-4a99-baa0-d5f463977fcb"", ""Name"": ""Sequoia Smart Home""}",USD,2024-09-12,INV-00039,2024-07-29,PAID,95030.72,95030.72,0.00,ACCREC,0.00,95030.72,0.00
inv-062,"{""ContactID"": ""e1720818-d15c-4507-a3e1-c3e1dddbfb40"", ""Name"": ""Orion Aerospace Components""}",USD,2022-08-25,INV-00040,2022-07-11,AUTHORISED,98377.02,98377.02,0.00,ACCREC,98377.02,0.00,0.00
inv-063,"{""ContactID"": ""dccdff59-c48c-4088-8023-3559186cc103"", ""Name"": ""TriState Plastics""}",USD,2021-07-11,BILL-00023,2021-05-12,AUTHORISED,51776.75,51776.75,0.00,ACCPAY,51776.75,0.00,0.00
inv-064,"{""ContactID"": ""ed87359f-912b-4422-a4c9-436f68e965d2"", ""Name"": ""BlueRiver HVAC Group""}",USD,2024-04-26,INV-00041,2024-04-11,PAID,138393.04,138393.04,0.00,ACCREC,0.00,138393.04,0.00
inv-065,"{""ContactID"": ""8527da1b-699b-4da2-b600-658015bb982e"", ""Name"": ""Nimbus Cloud Software""}",USD,2023-06-08,BILL-00024,2023-05-09,PAID,26292.39,26292.39,0.00,ACCPAY,0.00,26292.39,0.00
inv-066,"{""ContactID"": ""253817ff-ffa3-457b-a1a0-13648769c21b"", ""Name"": ""Ironwood Contract Manufacturing""}",USD,2023-05-09,INV-00042,2023-04-09,PAID,165718.64,165718.64,0.00,ACCREC,0.00,165718.64,0.00
inv-067,"{""ContactID"": ""59870b17-8538-4a62-888a-55a0508d0687"", ""Name"": ""Helios Solar Hardware""}",EUR,2024-10-04,INV-00043,2024-09-19,AUTHORISED,78578.77,78578.77,0.00,ACCREC,78578.77,0.00,0.00
inv-068,"{""ContactID"": ""f4f9c1c6-032b-4b17-852b-8dfd9f71ec3e"", ""Name"": ""Summit Medical Devices""}",USD,2023-09-04,INV-00044,2023-07-21,AUTHORISED,158636.10,172120.17,13484.07,ACCREC,172120.17,0.00,0.00
inv-069,"{""ContactID"": ""e1720818-d15c-4507-a3e1-c3e1dddbfb40"", ""Name"": ""Orion Aerospace Components""}",USD,2021-02-24,INV-00045,2021-02-09,PAID,64617.96,67848.86,3230.90,ACCREC,0.00,67848.86,0.00
inv-070,"{""ContactID"": ""6e00dc03-e07e-4772-ab3f-977e394f5b71"", ""Name"": ""Frontier Engineering Partners""}",USD,2022-02-28,BILL-00025,2022-02-13,PAID,23042.50,23042.50,0.00,ACCPAY,0.00,23042.50,0.00
inv-071,"{""ContactID"": ""24436320-fee6-44e9-addb-98324162aa87"", ""Name"": ""Vertex Industrial Gases""}",USD,2023-09-25,BILL-00026,2023-08-11,PAID,16356.07,16356.07,0.00,ACCPAY,0.00,16356.07,0.00
inv-072,"{""ContactID"": ""7267349e-528a-489a-8cca-00ae7457dc4e"", ""Name"": ""Tidewater Marine Systems""}",USD,2022-01-16,INV-00046,2021-12-02,AUTHORISED,7057.92,7057.92,0.00,ACCREC,7057.92,0.00,0.00
inv-073,"{""ContactID"": ""e3d1b90c-0e97-47b5-a8a4-e4e8dc865684"", ""Name"": ""Ethan Ramirez""}",USD,2022-02-26,INV-00047,2022-02-11,PAID,149926.46,149926.46,0.00,ACCREC,0.00,149926.46,0.00
inv-074,"{""ContactID"": ""76d4b1b8-ee18-49ed-823f-efea7e2a2bcb"", ""Name"": ""Old Freight Vendor (Closed)""}",USD,2021-09-20,BILL-00027,2021-09-05,AUTHORISED,40981.72,40981.72,0.00,ACCPAY,40981.72,0.00,0.00
inv-075,"{""ContactID"": ""db7adbfe-6226-48b6-b101-295834e7fb30"", ""Name"": ""Maya Chen""}",USD,2023-07-10,INV-00048,2023-05-11,AUTHORISED,173039.79,185585.17,12545.38,ACCREC,185585.17,0.00,0.00
inv-076,"{""ContactID"": ""512cb1b9-42fc-4c47-a3dd-b0a8468e5a7c"", ""Name"": ""Copper Ridge Metals""}",USD,2024-10-09,BILL-00028,2024-08-25,PAID,87403.87,94833.20,7429.33,ACCPAY,0.00,94833.20,0.00
inv-077,"{""ContactID"": ""03e8bd81-fcf7-4260-8abe-1ab3c5165c35"", ""Name"": ""Harborview Insurance Brokers""}",USD,2022-08-18,BILL-00029,2022-07-04,PAID,79004.08,79004.08,0.00,ACCPAY,0.00,79004.08,0.00
inv-078,"{""ContactID"": ""6e00dc03-e07e-4772-ab3f-977e394f5b71"", ""Name"": ""Frontier Engineering Partners""}",USD,2023-10-09,INV-00049,2023-08-10,AUTHORISED,90239.40,90239.40,0.00,ACCREC,90239.40,0.00,0.00
inv-079,"{""ContactID"": ""d8fbc544-7c2a-495b-9744-f5dc3653d73c"", ""Name"": ""Northstar Energy Controls""}",USD,2022-09-10,INV-00050,2022-07-27,PAID,94201.34,94201.34,0.00,ACCREC,0.00,94201.34,0.00
inv-080,"{""ContactID"": ""5fd809d5-60d7-4e54-92e5-97ba760a30c6"", ""Name"": ""Cedar Valley Automation""}",USD,2022-07-07,INV-00051,2022-05-08,PAID,89620.79,89620.79,0.00,ACCREC,0.00,89620.79,0.00
inv-081,"{""ContactID"": ""0a5b2fa9-8eec-4d6d-9b90-6b7a557aefd6"", ""Name"": ""Portside Freight & Logistics""}",USD,2022-11-04,BILL-00030,2022-09-20,PAID,50672.12,50672.12,0.00,ACCPAY,0.00,50672.12,0.00
inv-082,"{""ContactID"": ""9a4137f4-a9a8-4620-be6f-55aa8a1b2bc4"", ""Name"": ""Avery Brooks""}",USD,2025-02-08,INV-00052,2024-12-10,AUTHORISED,47124.15,47124.15,0.00,ACCREC,47124.15,0.00,0.00
inv-083,"{""ContactID"": ""9a4137f4-a9a8-4620-be6f-55aa8a1b2bc4"", ""Name"": ""Avery Brooks""}",USD,2024-12-14,INV-00053,2024-11-14,AUTHORISED,133602.33,133602.33,0.00,ACCREC,133602.33,0.00,0.00
inv-084,"{""ContactID"": ""1d3d34db-a180-4a99-baa0-d5f463977fcb"", ""Name"": ""Sequoia Smart Home""}",USD,2021-08-24,INV-00054,2021-07-25,AUTHORISED,66556.39,66556.39,0.00,ACCREC,66556.39,0.00,0.00
inv-085,"{""ContactID"": ""d0c64b5a-a2b1-465b-9a81-657db3294835"", ""Name"": ""Evergreen Agricultural Equipment""}",USD,2021-06-06,INV-00055,2021-04-22,PAID,24914.61,24914.61,0.00,ACCREC,0.00,24914.61,0.00
inv-086,"{""ContactID"": ""f4f9c1c6-032b-4b17-852b-8dfd9f71ec3e"", ""Name"": ""Summit Medical Devices""}",USD,2023-10-19,INV-00056,2023-08-20,PAID,861691.34,861691.34,0.00,ACCREC,0.00,861691.34,0.00
inv-087,"{""ContactID"": ""e1720818-d15c-4507-a3e1-c3e1dddbfb40"", ""Name"": ""Orion Aerospace Components""}",USD,2021-06-16,INV-00057,2021-06-01,AUTHORISED,146477.72,146477.72,0.00,ACCREC,146477.72,0.00,0.00
inv-088,"{""ContactID"": ""cd376f44-bd8f-4747-a542-9ed0634b70fa"", ""Name"": ""Legacy OEM - Redwood Appliances""}",USD,2023-06-02,INV-00058,2023-05-03,PAID,70017.10,70017.10,0.00,ACCREC,0.00,70017.10,0.00
inv-089,"{""ContactID"": ""4dacfaa7-11b2-45c3-926d-db71f424c8d7"", ""Name"": ""Jordan Patel""}",USD,2024-03-25,INV-00059,2024-03-10,PAID,133865.85,133865.85,0.00,ACCREC,0.00,133865.85,0.00
inv-090,"{""ContactID"": ""66082cba-23f6-416c-8d5c-e6d0809d0873"", ""Name"": ""Cascadia Robotics""}",USD,2021-12-18,INV-00060,2021-11-18,AUTHORISED,542827.41,542827.41,0.00,ACCREC,542827.41,0.00,0.00
inv-091,"{""ContactID"": ""cd376f44-bd8f-4747-a542-9ed0634b70fa"", ""Name"": ""Legacy OEM - Redwood Appliances""}",USD,2025-02-01,INV-00061,2024-12-18,AUTHORISED,83090.56,89114.63,6024.07,ACCREC,89114.63,0.00,0.00
inv-092,"{""ContactID"": ""cd376f44-bd8f-4747-a542-9ed0634b70fa"", ""Name"": ""Legacy OEM - Redwood Appliances""}",USD,2024-09-18,INV-00062,2024-08-19,PAID,149227.03,149227.03,0.00,ACCREC,0.00,149227.03,0.00
inv-093,"{""ContactID"": ""0a5b2fa9-8eec-4d6d-9b90-6b7a557aefd6"", ""Name"": ""Portside Freight & Logistics""}",USD,2024-04-25,BILL-00031,2024-03-11,PAID,44791.96,44791.96,0.00,ACCPAY,0.00,44791.96,0.00
inv-094,"{""ContactID"": ""ed87359f-912b-4422-a4c9-436f68e965d2"", ""Name"": ""BlueRiver HVAC Group""}",USD,2024-03-11,INV-00063,2024-01-11,PAID,108651.51,108651.51,0.00,ACCREC,0.00,108651.51,0.00
inv-095,"{""ContactID"": ""d0c64b5a-a2b1-465b-9a81-657db3294835"", ""Name"": ""Evergreen Agricultural Equipment""}",USD,2022-04-29,INV-00064,2022-04-14,PAID,121829.98,121829.98,0.00,ACCREC,0.00,121829.98,0.00
inv-096,"{""ContactID"": ""253817ff-ffa3-457b-a1a0-13648769c21b"", ""Name"": ""Ironwood Contract Manufacturing""}",USD,2024-10-26,INV-00065,2024-08-27,PAID,34714.32,34714.32,0.00,ACCREC,0.00,34714.32,0.00
inv-097,"{""ContactID"": ""e1720818-d15c-4507-a3e1-c3e1dddbfb40"", ""Name"": ""Orion Aerospace Components""}",USD,2023-02-12,INV-00066,2022-12-14,AUTHORISED,121448.70,121448.70,0.00,ACCREC,121448.70,0.00,0.00
inv-098,"{""ContactID"": ""cd376f44-bd8f-4747-a542-9ed0634b70fa"", ""Name"": ""Legacy OEM - Redwood Appliances""}",USD,2023-04-16,INV-00067,2023-04-01,PAID,58326.80,63284.58,4957.78,ACCREC,0.00,63284.58,0.00
inv-099,"{""ContactID"": ""6180c761-2e2d-4359-b97f-4caea8ac2eb3"", ""Name"": ""Statewide Tax Advisory""}",USD,2021-03-04,BILL-00032,2021-01-03,AUTHORISED,18226.55,18226.55,0.00,ACCPAY,18226.55,0.00,0.00
inv-100,"{""ContactID"": ""d0c64b5a-a2b1-465b-9a81-657db3294835"", ""Name"": ""Evergreen Agricultural Equipment""}",USD,2021-05-16,INV-00068,2021-04-16,AUTHORISED,25754.85,27944.01,2189.16,ACCREC,27944.01,0.00,0.00
inv-101,"{""ContactID"": ""dad6a0b3-961f-48ad-8627-485ffc17a70b"", ""Name"": ""Sierra Tooling & Dies""}",USD,2024-06-30,BILL-00033,2024-05-31,PAID,29865.89,29865.89,0.00,ACCPAY,0.00,29865.89,0.00
inv-102,"{""ContactID"": ""66082cba-23f6-416c-8d5c-e6d0809d0873"", ""Name"": ""Cascadia Robotics""}",USD,2021-10-20,INV-00069,2021-08-21,PAID,117468.47,126572.28,9103.81,ACCREC,0.00,126572.28,0.00
inv-103,"{""ContactID"": ""ed87359f-912b-4422-a4c9-436f68e965d2"", ""Name"": ""BlueRiver HVAC Group""}",USD,2023-11-15,INV-00070,2023-09-16,AUTHORISED,100349.55,107624.89,7275.34,ACCREC,107624.89,0.00,0.00
inv-104,"{""ContactID"": ""f4f9c1c6-032b-4b17-852b-8dfd9f71ec3e"", ""Name"": ""Summit Medical Devices""}",USD,2023-06-14,INV-00071,2023-04-30,PAID,92623.44,92623.44,0.00,ACCREC,0.00,92623.44,0.00
inv-105,"{""ContactID"": ""c1367c6d-cb3a-4447-b0ea-08298f35ee57"", ""Name"": ""Pacific Rail Technologies""}",GBP,2024-11-12,INV-00072,2024-09-13,PAID,81762.16,81762.16,0.00,ACCREC,0.00,81762.16,0.00
inv-106,"{""ContactID"": ""66082cba-23f6-416c-8d5c-e6d0809d0873"", ""Name"": ""Cascadia Robotics""}",USD,2022-11-21,INV-00073,2022-10-22,PAID,44887.98,48703.46,3815.48,ACCREC,0.00,44102.42,4601.04
inv-107,"{""ContactID"": ""81785991-7198-457d-ad8f-4224d176f2ea"", ""Name"": ""Apex Fasteners & Hardware""}",USD,2023-04-21,BILL-00034,2023-02-20,PAID,75381.20,80846.34,5465.14,ACCPAY,0.00,80846.34,0.00
inv-108,"{""ContactID"": ""a5864997-f9a5-410b-a0c0-8919aaf41ea7"", ""Name"": ""Olivia Nguyen""}",USD,2023-12-10,INV-00074,2023-10-26,PAID,157668.79,157668.79,0.00,ACCREC,0.00,157668.79,0.00
inv-109,"{""ContactID"": ""8527da1b-699b-4da2-b600-658015bb982e"", ""Name"": ""Nimbus Cloud Software""}",USD,2023-05-20,BILL-00035,2023-04-20,DRAFT,74354.14,74354.14,0.00,ACCPAY,74354.14,0.00,0.00
inv-110,"{""ContactID"": ""7267349e-528a-489a-8cca-00ae7457dc4e"", ""Name"": ""Tidewater Marine Systems""}",USD,2023-04-10,INV-00075,2023-03-26,PAID,153790.59,153790.59,0.00,ACCREC,0.00,153790.59,0.00
inv-111,"{""ContactID"": ""dad6a0b3-961f-48ad-8627-485ffc17a70b"", ""Name"": ""Sierra Tooling & Dies""}",USD,2023-10-12,BILL-00036,2023-09-27,PAID,22685.79,24443.94,1758.15,ACCPAY,0.00,24443.94,0.00
inv-112,"{""ContactID"": ""cf2c1de3-fd04-4814-b314-10ac9f5e28e1"", ""Name"": ""Kestrel Surface Finishing""}",USD,2023-06-23,BILL-00037,2023-06-08,PAID,67017.68,67017.68,0.00,ACCPAY,0.00,67017.68,0.00
inv-113,"{""ContactID"": ""253817ff-ffa3-457b-a1a0-13648769c21b"", ""Name"": ""Ironwood Contract Manufacturing""}",USD,2021-03-16,INV-00076,2021-03-01,AUTHORISED,12461.16,12461.16,0.00,ACCREC,12461.16,0.00,0.00
inv-114,"{""ContactID"": ""7267349e-528a-489a-8cca-00ae7457dc4e"", ""Name"": ""Tidewater Marine Systems""}",USD,2024-11-27,INV-00077,2024-10-28,AUTHORISED,16516.88,16516.88,0.00,ACCREC,16516.88,0.00,0.00
inv-115,"{""ContactID"": ""24436320-fee6-44e9-addb-98324162aa87"", ""Name"": ""Vertex Industrial Gases""}",USD,2021-11-20,BILL-00038,2021-10-21,PAID,24500.86,24500.86,0.00,ACCPAY,0.00,22039.42,2461.44
inv-116,"{""ContactID"": ""0a5b2fa9-8eec-4d6d-9b90-6b7a557aefd6"", ""Name"": ""Portside Freight & Logistics""}",USD,2024-11-18,BILL-00039,2024-10-19,DRAFT,89824.77,96786.19,6961.42,ACCPAY,96786.19,0.00,0.00
inv-117,"{""ContactID"": ""66082cba-23f6-416c-8d5c-e6d0809d0873"", ""Name"": ""Cascadia Robotics""}",USD,2023-07-03,INV-00078,2023-05-19,PAID,56126.60,58932.93,2806.33,ACCREC,0.00,58932.93,0.00
inv-118,"{""ContactID"": ""cd376f44-bd8f-4747-a542-9ed0634b70fa"", ""Name"": ""Legacy OEM - Redwood Appliances""}",USD,2024-05-07,INV-00079,2024-03-23,PAID,54903.46,54903.46,0.00,ACCREC,0.00,54903.46,0.00
inv-119,"{""ContactID"": ""5fd809d5-60d7-4e54-92e5-97ba760a30c6"", ""Name"": ""Cedar Valley Automation""}",USD,2024-11-20,INV-00080,2024-11-05,PAID,134768.06,144538.74,9770.68,ACCREC,0.00,144538.74,0.00
inv-120,"{""ContactID"": ""6e00dc03-e07e-4772-ab3f-977e394f5b71"", ""Name"": ""Frontier Engineering Partners""}",USD,2024-08-26,INV-00081,2024-07-27,PAID,122803.19,122803.19,0.00,ACCREC,0.00,122803.19,0.00
inv-121,"{""ContactID"": ""84dabdd5-6884-474a-a301-5d6f90390816"", ""Name"": ""Pioneer Industrial Systems""}",USD,2024-07-24,INV-00082,2024-07-09,AUTHORISED,80746.12,80746.12,0.00,ACCREC,80746.12,0.00,0.00
inv-122,"{""ContactID"": ""9a4137f4-a9a8-4620-be6f-55aa8a1b2bc4"", ""Name"": ""Avery Brooks""}",USD,2023-05-31,INV-00083,2023-05-01,AUTHORISED,142106.02,142106.02,0.00,ACCREC,142106.02,0.00,0.00
inv-123,"{""ContactID"": ""5fd809d5-60d7-4e54-92e5-97ba760a30c6"", ""Name"": ""Cedar Valley Automation""}",USD,2022-01-17,INV-00084,2021-12-03,PAID,170093.34,170093.34,0.00,ACCREC,0.00,170093.34,0.00
inv-124,"{""ContactID"": ""76d4b1b8-ee18-49ed-823f-efea7e2a2bcb"", ""Name"": ""Old Freight Vendor (Closed)""}",USD,2023-09-02,BILL-00040,2023-08-18,AUTHORISED,91834.27,99640.18,7805.91,ACCPAY,99640.18,0.00,0.00
inv-125,"{""ContactID"": ""4e386703-b7b9-40b4-9d45-d68d8e5042c3"", ""Name"": ""Sophia Lopez""}",USD,2023-02-04,BILL-00041,2023-01-20,PAID,1815.31,1815.31,0.00,ACCPAY,0.00,1815.31,0.00
inv-126,"{""ContactID"": ""1d3d34db-a180-4a99-baa0-d5f463977fcb"", ""Name"": ""Sequoia Smart Home""}",USD,2024-11-22,INV-00085,2024-10-08,PAID,148479.07,148479.07,0.00,ACCREC,0.00,148479.07,0.00
inv-127,"{""ContactID"": ""7267349e-528a-489a-8cca-00ae7457dc4e"", ""Name"": ""Tidewater Marine Systems""}",USD,2024-04-09,INV-00086,2024-02-24,PAID,785505.98,846382.69,60876.71,ACCREC,0.00,846382.69,0.00
inv-128,"{""ContactID"": ""298a050a-d6e0-46e5-b5dd-64e5ba22af07"", ""Name"": ""Atlas Mobility Solutions""}",USD,2021-04-18,INV-00087,2021-04-03,AUTHORISED,89940.87,96461.58,6520.71,ACCREC,96461.58,0.00,0.00
inv-129,"{""ContactID"": ""7267349e-528a-489a-8cca-00ae7457dc4e"", ""Name"": ""Tidewater Marine Systems""}",USD,2025-01-26,INV-00088,2024-11-27,AUTHORISED,131471.35,131471.35,0.00,ACCREC,131471.35,0.00,0.00
inv-130,"{""ContactID"": ""e3d1b90c-0e97-47b5-a8a4-e4e8dc865684"", ""Name"": ""Ethan Ramirez""}",USD,2022-08-11,INV-00089,2022-07-27,PAID,41065.37,41065.37,0.00,ACCREC,0.00,41065.37,0.00
inv-131,"{""ContactID"": ""dad6a0b3-961f-48ad-8627-485ffc17a70b"", ""Name"": ""Sierra Tooling & Dies""}",USD,2023-03-09,BILL-00042,2023-01-23,DRAFT,26570.80,28829.32,2258.52,ACCPAY,28829.32,0.00,0.00
inv-132,"{""ContactID"": ""eb4ef07f-5926-475e-aa88-b09fb7b4580e"", ""Name"": ""Redstone Powertrain""}",USD,2022-03-26,INV-00090,2022-03-11,DRAFT,61697.88,66170.98,4473.10,ACCREC,66170.98,0.00,0.00
inv-133,"{""ContactID"": ""1d3d34db-a180-4a99-baa0-d5f463977fcb"", ""Name"": ""Sequoia Smart Home""}",USD,2024-03-11,INV-00091,2024-02-10,PAID,146816.90,146816.90,0.00,ACCREC,0.00,146816.90,0.00
inv-134,"{""ContactID"": ""cd376f44-bd8f-4747-a542-9ed0634b70fa"", ""Name"": ""Legacy OEM - Redwood Appliances""}",USD,2022-08-21,INV-00092,2022-07-22,PAID,98388.24,98388.24,0.00,ACCREC,0.00,98388.24,0.00
inv-135,"{""ContactID"": ""e1720818-d15c-4507-a3e1-c3e1dddbfb40"", ""Name"": ""Orion Aerospace Components""}",USD,2023-02-03,INV-00093,2023-01-04,PAID,5301.14,5301.14,0.00,ACCREC,0.00,5301.14,0.00
inv-136,"{""ContactID"": ""e3d1b90c-0e97-47b5-a8a4-e4e8dc865684"", ""Name"": ""Ethan Ramirez""}",USD,2021-07-10,INV-00094,2021-05-11,PAID,66761.92,66761.92,0.00,ACCREC,0.00,66761.92,0.00
inv-137,"{""ContactID"": ""ed87359f-912b-4422-a4c9-436f68e965d2"", ""Name"": ""BlueRiver HVAC Group""}",USD,2024-10-26,INV-00095,2024-09-11,PAID,561338.24,561338.24,0.00,ACCREC,0.00,561338.24,0.00
inv-138,"{""ContactID"": ""f4f9c1c6-032b-4b17-852b-8dfd9f71ec3e"", ""Name"": ""Summit Medical Devices""}",USD,2023-07-13,INV-00096,2023-06-28,PAID,59674.85,59674.85,0.00,ACCREC,0.00,59674.85,0.00
inv-139,"{""ContactID"": ""5fd809d5-60d7-4e54-92e5-97ba760a30c6"", ""Name"": ""Cedar Valley Automation""}",USD,2025-02-12,INV-00097,2024-12-29,AUTHORISED,108537.05,108537.05,0.00,ACCREC,108537.05,0.00,0.00
inv-140,"{""ContactID"": ""99d22e5a-300a-4673-b9f5-b4710e178cd4"", ""Name"": ""Cascade Packaging Supply""}",USD,2021-09-22,BILL-00043,2021-08-23,PAID,84424.60,84424.60,0.00,ACCPAY,0.00,84424.60,0.00
inv-141,"{""ContactID"": ""59870b17-8538-4a62-888a-55a0508d0687"", ""Name"": ""Helios Solar Hardware""}",EUR,2021-08-28,INV-00098,2021-07-14,PAID,120556.65,120556.65,0.00,ACCREC,0.00,120556.65,0.00
inv-142,"{""ContactID"": ""e3d1b90c-0e97-47b5-a8a4-e4e8dc865684"", ""Name"": ""Ethan Ramirez""}",USD,2021-07-09,INV-00099,2021-06-24,PAID,134664.54,134664.54,0.00,ACCREC,0.00,134664.54,0.00
inv-143,"{""ContactID"": ""8527da1b-699b-4da2-b600-658015bb982e"", ""Name"": ""Nimbus Cloud Software""}",USD,2024-04-10,BILL-00044,2024-02-25,PAID,39321.42,42663.74,3342.32,ACCPAY,0.00,42663.74,0.00
inv-144,"{""ContactID"": ""24436320-fee6-44e9-addb-98324162aa87"", ""Name"": ""Vertex Industrial Gases""}",USD,2022-09-27,BILL-00045,2022-08-13,AUTHORISED,55113.30,55113.30,0.00,ACCPAY,55113.30,0.00,0.00
inv-145,"{""ContactID"": ""7267349e-528a-489a-8cca-00ae7457dc4e"", ""Name"": ""Tidewater Marine Systems""}",USD,2021-09-24,INV-00100,2021-08-10,PAID,67742.09,67742.09,0.00,ACCREC,0.00,67742.09,0.00
inv-146,"{""ContactID"": ""99d22e5a-300a-4673-b9f5-b4710e178cd4"", ""Name"": ""Cascade Packaging Supply""}",USD,2024-07-12,BILL-00046,2024-06-27,PAID,62665.05,65798.30,3133.25,ACCPAY,0.00,65798.30,0.00
inv-147,"{""ContactID"": ""81785991-7198-457d-ad8f-4224d176f2ea"", ""Name"": ""Apex Fasteners & Hardware""}",USD,2022-11-09,BILL-00047,2022-09-25,AUTHORISED,17642.83,17642.83,0.00,ACCPAY,17642.83,0.00,0.00
inv-148,"{""ContactID"": ""eb4ef07f-5926-475e-aa88-b09fb7b4580e"", ""Name"": ""Redstone Powertrain""}",USD,2024-08-04,INV-00101,2024-07-20,AUTHORISED,96660.68,96660.68,0.00,ACCREC,96660.68,0.00,0.00
inv-149,"{""ContactID"": ""9a4137f4-a9a8-4620-be6f-55aa8a1b2bc4"", ""Name"": ""Avery Brooks""}",USD,2022-11-11,INV-00102,2022-10-27,PAID,30115.43,30115.43,0.00,ACCREC,0.00,30115.43,0.00
inv-150,"{""ContactID"": ""59870b17-8538-4a62-888a-55a0508d0687"", ""Name"": ""Helios Solar Hardware""}",EUR,2023-07-18,INV-00103,2023-05-19,PAID,76017.61,76017.61,0.00,ACCREC,0.00,76017.61,0.00
inv-151,"{""ContactID"": ""c1367c6d-cb3a-4447-b0ea-08298f35ee57"", ""Name"": ""Pacific Rail Technologies""}",GBP,2024-12-19,INV-00104,2024-10-20,PAID,57244.44,60106.66,2862.22,ACCREC,0.00,57092.80,3013.86
inv-152,"{""ContactID"": ""7267349e-528a-489a-8cca-00ae7457dc4e"", ""Name"": ""Tidewater Marine Systems""}",USD,2021-11-23,INV-00105,2021-10-09,AUTHORISED,23797.22,23797.22,0.00,ACCREC,23797.22,0.00,0.00
inv-153,"{""ContactID"": ""a5864997-f9a5-410b-a0c0-8919aaf41ea7"", ""Name"": ""Olivia Nguyen""}",USD,2022-06-01,INV-00106,2022-04-17,DRAFT,262182.00,282501.10,20319.10,ACCREC,282501.10,0.00,0.00
inv-154,"{""ContactID"": ""e1720818-d15c-4507-a3e1-c3e1dddbfb40"", ""Name"": ""Orion Aerospace Components""}",USD,2024-05-19,INV-00107,2024-03-20,PAID,76640.68,76640.68,0.00,ACCREC,0.00,76640.68,0.00
inv-155,"{""ContactID"": ""0a5b2fa9-8eec-4d6d-9b90-6b7a557aefd6"", ""Name"": ""Portside Freight & Logistics""}",USD,2024-08-18,BILL-00048,2024-06-19,PAID,87418.24,87418.24,0.00,ACCPAY,0.00,87418.24,0.00
inv-156,"{""ContactID"": ""a5864997-f9a5-410b-a0c0-8919aaf41ea7"", ""Name"": ""Olivia Nguyen""}",USD,2024-06-20,INV-00108,2024-04-21,PAID,72748.59,72748.59,0.00,ACCREC,0.00,72748.59,0.00
inv-157,"{""ContactID"": ""7267349e-528a-489a-8cca-00ae7457dc4e"", ""Name"": ""Tidewater Marine Systems""}",USD,2023-11-27,INV-00109,2023-11-12,PAID,36917.91,36917.91,0.00,ACCREC,0.00,36917.91,0.00
inv-158,"{""ContactID"": ""e1720818-d15c-4507-a3e1-c3e1dddbfb40"", ""Name"": ""Orion Aerospace Components""}",USD,2021-11-29,INV-00110,2021-10-30,AUTHORISED,47934.36,47934.36,0.00,ACCREC,47934.36,0.00,0.00
inv-159,"{""ContactID"": ""f4f9c1c6-032b-4b17-852b-8dfd9f71ec3e"", ""Name"": ""Summit Medical Devices""}",USD,2024-09-08,INV-00111,2024-07-10,PAID,102563.05,102563.05,0.00,ACCREC,0.00,102563.05,0.00
inv-160,"{""ContactID"": ""5fd809d5-60d7-4e54-92e5-97ba760a30c6"", ""Name"": ""Cedar Valley Automation""}",USD,2024-08-17,INV-00112,2024-07-03,PAID,113831.09,113831.09,0.00,ACCREC,0.00,113831.09,0.00
inv-161,"{""ContactID"": ""5fd809d5-60d7-4e54-92e5-97ba760a30c6"", ""Name"": ""Cedar Valley Automation""}",USD,2022-08-01,INV-00113,2022-07-17,AUTHORISED,15668.84,15668.84,0.00,ACCREC,15668.84,0.00,0.00
inv-162,"{""ContactID"": ""db7adbfe-6226-48b6-b101-295834e7fb30"", ""Name"": ""Maya Chen""}",USD,2024-08-28,INV-00114,2024-08-13,PAID,92504.54,92504.54,0.00,ACCREC,0.00,92504.54,0.00
inv-163,"{""ContactID"": ""dad6a0b3-961f-48ad-8627-485ffc17a70b"", ""Name"": ""Sierra Tooling & Dies""}",USD,2023-08-10,BILL-00049,2023-07-11,AUTHORISED,45446.94,45446.94,0.00,ACCPAY,45446.94,0.00,0.00
inv-164,"{""ContactID"": ""eb4ef07f-5926-475e-aa88-b09fb7b4580e"", ""Name"": ""Redstone Powertrain""}",USD,2022-12-20,INV-00115,2022-12-05,PAID,33129.21,33129.21,0.00,ACCREC,0.00,33129.21,0.00
inv-165,"{""ContactID"": ""d8fbc544-7c2a-495b-9744-f5dc3653d73c"", ""Name"": ""Northstar Energy Controls""}",USD,2022-01-06,INV-00116,2021-11-22,AUTHORISED,52713.61,52713.61,0.00,ACCREC,52713.61,0.00,0.00
inv-166,"{""ContactID"": ""a97b7a0c-f572-4527-b6da-6e4cb6e57e39"", ""Name"": ""Noah Singh""}",USD,2024-10-02,BILL-00050,2024-08-18,DRAFT,9430.81,10161.70,730.89,ACCPAY,10161.70,0.00,0.00
inv-167,"{""ContactID"": ""e3d1b90c-0e97-47b5-a8a4-e4e8dc865684"", ""Name"": ""Ethan Ramirez""}",USD,2024-10-06,INV-00117,2024-09-06,AUTHORISED,105936.26,105936.26,0.00,ACCREC,105936.26,0.00,0.00
inv-168,"{""ContactID"": ""f3fdea38-5556-41ca-ab56-7977a16d778f"", ""Name"": ""Stonebridge Legal""}",USD,2023-04-13,BILL-00051,2023-03-14,PAID,89141.21,89141.21,0.00,ACCPAY,0.00,89141.21,0.00
inv-169,"{""ContactID"": ""f3fdea38-5556-41ca-ab56-7977a16d778f"", ""Name"": ""Stonebridge Legal""}",USD,2021-10-04,BILL-00052,2021-09-19,PAID,40511.90,40511.90,0.00,ACCPAY,0.00,40511.90,0.00
inv-170,"{""ContactID"": ""db7adbfe-6226-48b6-b101-295834e7fb30"", ""Name"": ""Maya Chen""}",USD,2022-04-29,INV-00118,2022-03-15,PAID,88813.09,88813.09,0.00,ACCREC,0.00,88813.09,0.00
inv-171,"{""ContactID"": ""8527da1b-699b-4da2-b600-658015bb982e"", ""Name"": ""Nimbus Cloud Software""}",USD,2021-08-11,BILL-00053,2021-07-27,PAID,83319.12,83319.12,0.00,ACCPAY,0.00,83319.12,0.00
inv-172,"{""ContactID"": ""d0c64b5a-a2b1-465b-9a81-657db3294835"", ""Name"": ""Evergreen Agricultural Equipment""}",USD,2022-02-05,INV-00119,2022-01-06,PAID,10255.41,10255.41,0.00,ACCREC,0.00,10255.41,0.00
inv-173,"{""ContactID"": ""6e00dc03-e07e-4772-ab3f-977e394f5b71"", ""Name"": ""Frontier Engineering Partners""}",USD,2023-08-08,INV-00120,2023-07-09,PAID,57430.55,57430.55,0.00,ACCREC,0.00,57430.55,0.00
inv-174,"{""ContactID"": ""a5864997-f9a5-410b-a0c0-8919aaf41ea7"", ""Name"": ""Olivia Nguyen""}",USD,2024-05-13,INV-00121,2024-03-14,PAID,52514.48,52514.48,0.00,ACCREC,0.00,52514.48,0.00
inv-175,"{""ContactID"": ""8527da1b-699b-4da2-b600-658015bb982e"", ""Name"": ""Nimbus Cloud Software""}",USD,2024-06-22,BILL-00054,2024-05-23,PAID,5430.99,5430.99,0.00,ACCPAY,0.00,5430.99,0.00
inv-176,"{""ContactID"": ""253817ff-ffa3-457b-a1a0-13648769c21b"", ""Name"": ""Ironwood Contract Manufacturing""}",USD,2025-01-11,BILL-00055,2024-12-27,AUTHORISED,72614.54,72614.54,0.00,ACCPAY,72614.54,0.00,0.00
inv-177,"{""ContactID"": ""4dacfaa7-11b2-45c3-926d-db71f424c8d7"", ""Name"": ""Jordan Patel""}",USD,2023-06-30,INV-00122,2023-06-15,PAID,41911.75,41911.75,0.00,ACCREC,0.00,40850.31,1061.44
inv-178,"{""ContactID"": ""298a050a-d6e0-46e5-b5dd-64e5ba22af07"", ""Name"": ""Atlas Mobility Solutions""}",USD,2022-06-27,INV-00123,2022-04-28,PAID,855036.84,921302.20,66265.36,ACCREC,0.00,921302.20,0.00
inv-179,"{""ContactID"": ""7267349e-528a-489a-8cca-00ae7457dc4e"", ""Name"": ""Tidewater Marine Systems""}",USD,2022-10-10,INV-00124,2022-08-11,PAID,27135.70,27135.70,0.00,ACCREC,0.00,26378.00,757.70
inv-180,"{""ContactID"": ""5fd809d5-60d7-4e54-92e5-97ba760a30c6"", ""Name"": ""Cedar Valley Automation""}",USD,2022-01-02,INV-00125,2021-11-03,AUTHORISED,53638.03,53638.03,0.00,ACCREC,53638.03,0.00,0.00
inv-181,"{""ContactID"": ""a97b7a0c-f572-4527-b6da-6e4cb6e57e39"", ""Name"": ""Noah Singh""}",USD,2023-08-10,BILL-00056,2023-07-26,AUTHORISED,86036.38,86036.38,0.00,ACCPAY,79881.55,0.00,6154.83
inv-182,"{""ContactID"": ""1d3d34db-a180-4a99-baa0-d5f463977fcb"", ""Name"": ""Sequoia Smart Home""}",USD,2021-12-06,INV-00126,2021-10-22,PAID,111628.70,111628.70,0.00,ACCREC,0.00,111628.70,0.00
inv-183,"{""ContactID"": ""e3d1b90c-0e97-47b5-a8a4-e4e8dc865684"", ""Name"": ""Ethan Ramirez""}",USD,2023-01-24,INV-00127,2023-01-09,PAID,99074.55,99074.55,0.00,ACCREC,0.00,88440.57,10633.98
inv-184,"{""ContactID"": ""d8fbc544-7c2a-495b-9744-f5dc3653d73c"", ""Name"": ""Northstar Energy Controls""}",USD,2023-04-18,INV-00128,2023-03-04,AUTHORISED,5383.00,5383.00,0.00,ACCREC,5383.00,0.00,0.00
inv-185,"{""ContactID"": ""84dabdd5-6884-474a-a301-5d6f90390816"", ""Name"": ""Pioneer Industrial Systems""}",USD,2024-05-21,INV-00129,2024-04-06,AUTHORISED,65033.08,65033.08,0.00,ACCREC,65033.08,0.00,0.00
inv-186,"{""ContactID"": ""99d22e5a-300a-4673-b9f5-b4710e178cd4"", ""Name"": ""Cascade Packaging Supply""}",USD,2025-01-24,BILL-00057,2024-11-25,AUTHORISED,77186.53,77186.53,0.00,ACCPAY,77186.53,0.00,0.00
inv-187,"{""ContactID"": ""ae0395d0-796b-40c2-af22-30d5d49dde5a"", ""Name"": ""Granite Defense Manufacturing""}",CAD,2022-09-23,INV-00130,2022-08-24,DRAFT,856691.14,856691.14,0.00,ACCREC,856691.14,0.00,0.00
inv-188,"{""ContactID"": ""4e386703-b7b9-40b4-9d45-d68d8e5042c3"", ""Name"": ""Sophia Lopez""}",USD,2024-03-18,BILL-00058,2024-01-18,AUTHORISED,71685.99,71685.99,0.00,ACCPAY,71685.99,0.00,0.00
inv-189,"{""ContactID"": ""6180c761-2e2d-4359-b97f-4caea8ac2eb3"", ""Name"": ""Statewide Tax Advisory""}",USD,2024-10-19,BILL-00059,2024-09-04,AUTHORISED,76037.86,76037.86,0.00,ACCPAY,76037.86,0.00,0.00
inv-190,"{""ContactID"": ""e3d1b90c-0e97-47b5-a8a4-e4e8dc865684"", ""Name"": ""Ethan Ramirez""}",USD,2023-04-17,INV-00131,2023-03-03,PAID,90576.07,97595.72,7019.65,ACCREC,0.00,97595.72,0.00
inv-191,"{""ContactID"": ""253817ff-ffa3-457b-a1a0-13648769c21b"", ""Name"": ""Ironwood Contract Manufacturing""}",USD,2021-08-10,BILL-00060,2021-06-11,PAID,78211.25,78211.25,0.00,ACCPAY,0.00,78211.25,0.00
inv-192,"{""ContactID"": ""eb4ef07f-5926-475e-aa88-b09fb7b4580e"", ""Name"": ""Redstone Powertrain""}",USD,2024-10-30,INV-00132,2024-09-15,AUTHORISED,109465.34,109465.34,0.00,ACCREC,109465.34,0.00,0.00
inv-193,"{""ContactID"": ""eb4ef07f-5926-475e-aa88-b09fb7b4580e"", ""Name"": ""Redstone Powertrain""}",USD,2023-02-22,INV-00133,2022-12-24,AUTHORISED,176454.84,176454.84,0.00,ACCREC,176454.84,0.00,0.00
inv-194,"{""ContactID"": ""e3d1b90c-0e97-47b5-a8a4-e4e8dc865684"", ""Name"": ""Ethan Ramirez""}",USD,2024-11-22,INV-00134,2024-10-23,PAID,27843.36,29235.53,1392.17,ACCREC,0.00,29235.53,0.00
inv-195,"{""ContactID"": ""a5864997-f9a5-410b-a0c0-8919aaf41ea7"", ""Name"": ""Olivia Nguyen""}",USD,2024-09-28,INV-00135,2024-08-14,AUTHORISED,349734.81,349734.81,0.00,ACCREC,349734.81,0.00,0.00
inv-196,"{""ContactID"": ""ae0395d0-796b-40c2-af22-30d5d49dde5a"", ""Name"": ""Granite Defense Manufacturing""}",CAD,2021-07-07,INV-00136,2021-06-07,PAID,73151.04,73151.04,0.00,ACCREC,0.00,73151.04,0.00
inv-197,"{""ContactID"": ""6e00dc03-e07e-4772-ab3f-977e394f5b71"", ""Name"": ""Frontier Engineering Partners""}",USD,2023-12-19,BILL-00061,2023-10-20,PAID,11628.41,12616.82,988.41,ACCPAY,0.00,12616.82,0.00
inv-198,"{""ContactID"": ""5fd809d5-60d7-4e54-92e5-97ba760a30c6"", ""Name"": ""Cedar Valley Automation""}",USD,2025-01-21,INV-00137,2024-11-22,AUTHORISED,26591.79,26591.79,0.00,ACCREC,26591.79,0.00,0.00
inv-199,"{""ContactID"": ""550993bd-3229-49ff-b457-a1e4e9624c99"", ""Name"": ""Liam Turner""}",USD,2024-12-12,BILL-00062,2024-10-28,PAID,67551.58,67551.58,0.00,ACCPAY,0.00,67551.58,0.00
inv-200,"{""ContactID"": ""253817ff-ffa3-457b-a1a0-13648769c21b"", ""Name"": ""Ironwood Contract Manufacturing""}",USD,2021-12-19,INV-00138,2021-11-19,PAID,92804.14,92804.14,0.00,ACCREC,0.00,92804.14,0.00
inv-201,"{""ContactID"": ""0a5b2fa9-8eec-4d6d-9b90-6b7a557aefd6"", ""Name"": ""Portside Freight & Logistics""}",USD,2021-04-09,BILL-00063,2021-02-23,PAID,35362.11,37925.86,2563.75,ACCPAY,0.00,37925.86,0.00
inv-202,"{""ContactID"": ""9a4137f4-a9a8-4620-be6f-55aa8a1b2bc4"", ""Name"": ""Avery Brooks""}",USD,2022-11-25,INV-00139,2022-09-26,PAID,130099.36,130099.36,0.00,ACCREC,0.00,130099.36,0.00
inv-203,"{""ContactID"": ""ae0395d0-796b-40c2-af22-30d5d49dde5a"", ""Name"": ""Granite Defense Manufacturing""}",CAD,2022-10-27,INV-00140,2022-10-12,PAID,123219.35,132152.75,8933.40,ACCREC,0.00,132152.75,0.00
inv-204,"{""ContactID"": ""d0c64b5a-a2b1-465b-9a81-657db3294835"", ""Name"": ""Evergreen Agricultural Equipment""}",USD,2023-11-11,INV-00141,2023-10-27,PAID,94463.13,94463.13,0.00,ACCREC,0.00,94463.13,0.00
inv-205,"{""ContactID"": ""4dacfaa7-11b2-45c3-926d-db71f424c8d7"", ""Name"": ""Jordan Patel""}",USD,2024-01-13,INV-00142,2023-11-29,PAID,46982.44,46982.44,0.00,ACCREC,0.00,46982.44,0.00
inv-206,"{""ContactID"": ""f4f9c1c6-032b-4b17-852b-8dfd9f71ec3e"", ""Name"": ""Summit Medical Devices""}",USD,2024-01-13,INV-00143,2023-12-29,PAID,32432.87,32432.87,0.00,ACCREC,0.00,32432.87,0.00
inv-207,"{""ContactID"": ""99d22e5a-300a-4673-b9f5-b4710e178cd4"", ""Name"": ""Cascade Packaging Supply""}",USD,2024-07-08,BILL-00064,2024-05-24,PAID,53761.90,56450.00,2688.10,ACCPAY,0.00,56450.00,0.00
inv-208,"{""ContactID"": ""f3fdea38-5556-41ca-ab56-7977a16d778f"", ""Name"": ""Stonebridge Legal""}",USD,2024-05-11,BILL-00065,2024-03-27,PAID,72977.63,72977.63,0.00,ACCPAY,0.00,72977.63,0.00
inv-209,"{""ContactID"": ""e1720818-d15c-4507-a3e1-c3e1dddbfb40"", ""Name"": ""Orion Aerospace Components""}",USD,2024-08-22,INV-00144,2024-07-08,PAID,56121.71,60892.06,4770.35,ACCREC,0.00,60892.06,0.00
inv-210,"{""ContactID"": ""ed87359f-912b-4422-a4c9-436f68e965d2"", ""Name"": ""BlueRiver HVAC Group""}",USD,2021-06-02,INV-00145,2021-05-03,PAID,88454.58,88454.58,0.00,ACCREC,0.00,88454.58,0.00
inv-211,"{""ContactID"": ""dad6a0b3-961f-48ad-8627-485ffc17a70b"", ""Name"": ""Sierra Tooling & Dies""}",USD,2023-02-07,BILL-00066,2022-12-09,AUTHORISED,35516.05,35516.05,0.00,ACCPAY,35516.05,0.00,0.00
inv-212,"{""ContactID"": ""c1367c6d-cb3a-4447-b0ea-08298f35ee57"", ""Name"": ""Pacific Rail Technologies""}",GBP,2022-08-31,INV-00146,2022-07-02,AUTHORISED,19684.07,19684.07,0.00,ACCREC,19684.07,0.00,0.00
inv-213,"{""ContactID"": ""253817ff-ffa3-457b-a1a0-13648769c21b"", ""Name"": ""Ironwood Contract Manufacturing""}",USD,2022-01-08,INV-00147,2021-11-24,PAID,130500.30,130500.30,0.00,ACCREC,0.00,130500.30,0.00
inv-214,"{""ContactID"": ""9a4137f4-a9a8-4620-be6f-55aa8a1b2bc4"", ""Name"": ""Avery Brooks""}",USD,2022-11-23,INV-00148,2022-09-24,DRAFT,170278.82,182624.03,12345.21,ACCREC,182624.03,0.00,0.00
inv-215,"{""ContactID"": ""d8fbc544-7c2a-495b-9744-f5dc3653d73c"", ""Name"": ""Northstar Energy Controls""}",USD,2021-04-25,INV-00149,2021-04-10,AUTHORISED,108559.58,108559.58,0.00,ACCREC,108559.58,0.00,0.00
inv-216,"{""ContactID"": ""c1367c6d-cb3a-4447-b0ea-08298f35ee57"", ""Name"": ""Pacific Rail Technologies""}",GBP,2021-10-08,INV-00150,2021-08-09,AUTHORISED,49443.94,49443.94,0.00,ACCREC,48202.12,0.00,1241.82
inv-217,"{""ContactID"": ""7267349e-528a-489a-8cca-00ae7457dc4e"", ""Name"": ""Tidewater Marine Systems""}",USD,2023-02-27,INV-00151,2023-01-13,DRAFT,92005.36,92005.36,0.00,ACCREC,92005.36,0.00,0.00
inv-218,"{""ContactID"": ""76d4b1b8-ee18-49ed-823f-efea7e2a2bcb"", ""Name"": ""Old Freight Vendor (Closed)""}",USD,2024-11-09,BILL-00067,2024-10-25,AUTHORISED,9636.40,9636.40,0.00,ACCPAY,9636.40,0.00,0.00
inv-219,"{""ContactID"": ""d0c64b5a-a2b1-465b-9a81-657db3294835"", ""Name"": ""Evergreen Agricultural Equipment""}",USD,2023-02-18,INV-00152,2023-01-19,AUTHORISED,92869.25,92869.25,0.00,ACCREC,92869.25,0.00,0.00
inv-220,"{""ContactID"": ""84dabdd5-6884-474a-a301-5d6f90390816"", ""Name"": ""Pioneer Industrial Systems""}",USD,2023-10-28,INV-00153,2023-08-29,AUTHORISED,161030.88,173510.77,12479.89,ACCREC,173510.77,0.00,0.00
inv-221,"{""ContactID"": ""2e1af66a-ed2b-4af7-b5cc-b1e0ae96bc41"", ""Name"": ""PrecisionForge Machining""}",USD,2022-10-20,BILL-00068,2022-09-05,PAID,48667.98,48667.98,0.00,ACCPAY,0.00,48667.98,0.00
inv-222,"{""ContactID"": ""4dacfaa7-11b2-45c3-926d-db71f424c8d7"", ""Name"": ""Jordan Patel""}",USD,2021-03-21,INV-00154,2021-02-04,AUTHORISED,21954.81,21954.81,0.00,ACCREC,21954.81,0.00,0.00
inv-223,"{""ContactID"": ""f3fdea38-5556-41ca-ab56-7977a16d778f"", ""Name"": ""Stonebridge Legal""}",USD,2024-07-27,BILL-00069,2024-07-12,PAID,25592.63,27448.10,1855.47,ACCPAY,0.00,27448.10,0.00
inv-224,"{""ContactID"": ""59870b17-8538-4a62-888a-55a0508d0687"", ""Name"": ""Helios Solar Hardware""}",EUR,2022-02-14,INV-00155,2021-12-16,AUTHORISED,866333.36,866333.36,0.00,ACCREC,841333.36,0.00,25000.00
inv-225,"{""ContactID"": ""4dacfaa7-11b2-45c3-926d-db71f424c8d7"", ""Name"": ""Jordan Patel""}",USD,2024-12-15,INV-00156,2024-11-15,AUTHORISED,140057.58,147060.46,7002.88,ACCREC,147060.46,0.00,0.00
inv-226,"{""ContactID"": ""e1720818-d15c-4507-a3e1-c3e1dddbfb40"", ""Name"": ""Orion Aerospace Components""}",USD,2024-04-08,INV-00157,2024-02-23,PAID,87410.85,94840.77,7429.92,ACCREC,0.00,94840.77,0.00
inv-227,"{""ContactID"": ""cd376f44-bd8f-4747-a542-9ed0634b70fa"", ""Name"": ""Legacy OEM - Redwood Appliances""}",USD,2023-02-10,INV-00158,2022-12-27,PAID,36626.89,36626.89,0.00,ACCREC,0.00,36626.89,0.00
inv-228,"{""ContactID"": ""550993bd-3229-49ff-b457-a1e4e9624c99"", ""Name"": ""Liam Turner""}",USD,2022-10-17,BILL-00070,2022-09-02,PAID,65727.67,65727.67,0.00,ACCPAY,0.00,65727.67,0.00
inv-229,"{""ContactID"": ""d0c64b5a-a2b1-465b-9a81-657db3294835"", ""Name"": ""Evergreen Agricultural Equipment""}",USD,2022-08-29,INV-00159,2022-07-15,AUTHORISED,122600.45,132101.98,9501.53,ACCREC,132101.98,0.00,0.00
inv-230,"{""ContactID"": ""382f1c3d-9b9f-44bb-97fe-500db840261c"", ""Name"": ""EverAudit CPAs""}",USD,2022-09-02,BILL-00071,2022-08-18,AUTHORISED,67986.35,67986.35,0.00,ACCPAY,67986.35,0.00,0.00
inv-231,"{""ContactID"": ""5fd809d5-60d7-4e54-92e5-97ba760a30c6"", ""Name"": ""Cedar Valley Automation""}",USD,2023-10-09,INV-00160,2023-09-09,AUTHORISED,98097.58,98097.58,0.00,ACCREC,98097.58,0.00,0.00
inv-232,"{""ContactID"": ""f4f9c1c6-032b-4b17-852b-8dfd9f71ec3e"", ""Name"": ""Summit Medical Devices""}",USD,2024-05-16,INV-00161,2024-04-16,AUTHORISED,121395.53,121395.53,0.00,ACCREC,121395.53,0.00,0.00
inv-233,"{""ContactID"": ""1d3d34db-a180-4a99-baa0-d5f463977fcb"", ""Name"": ""Sequoia Smart Home""}",USD,2023-09-10,INV-00162,2023-08-26,PAID,26900.40,28850.68,1950.28,ACCREC,0.00,28850.68,0.00
inv-234,"{""ContactID"": ""512cb1b9-42fc-4c47-a3dd-b0a8468e5a7c"", ""Name"": ""Copper Ridge Metals""}",USD,2023-11-01,BILL-00072,2023-09-02,PAID,71933.60,71933.60,0.00,ACCPAY,0.00,71933.60,0.00
inv-235,"{""ContactID"": ""f4f9c1c6-032b-4b17-852b-8dfd9f71ec3e"", ""Name"": ""Summit Medical Devices""}",USD,2021-08-02,INV-00163,2021-07-03,PAID,130853.39,140340.26,9486.87,ACCREC,0.00,140340.26,0.00
inv-236,"{""ContactID"": ""8527da1b-699b-4da2-b600-658015bb982e"", ""Name"": ""Nimbus Cloud Software""}",USD,2021-05-15,BILL-00073,2021-03-16,PAID,18106.45,19509.70,1403.25,ACCPAY,0.00,19509.70,0.00
inv-237,"{""ContactID"": ""e3d1b90c-0e97-47b5-a8a4-e4e8dc865684"", ""Name"": ""Ethan Ramirez""}",USD,2024-03-24,INV-00164,2024-03-09,PAID,61969.98,61969.98,0.00,ACCREC,0.00,61969.98,0.00
inv-238,"{""ContactID"": ""253817ff-ffa3-457b-a1a0-13648769c21b"", ""Name"": ""Ironwood Contract Manufacturing""}",USD,2021-12-01,BILL-00074,2021-10-02,AUTHORISED,76932.91,76932.91,0.00,ACCPAY,76932.91,0.00,0.00
inv-239,"{""ContactID"": ""e3d1b90c-0e97-47b5-a8a4-e4e8dc865684"", ""Name"": ""Ethan Ramirez""}",USD,2022-02-01,INV-00165,2022-01-17,PAID,142861.26,142861.26,0.00,ACCREC,0.00,142861.26,0.00
inv-240,"{""ContactID"": ""0a5b2fa9-8eec-4d6d-9b90-6b7a557aefd6"", ""Name"": ""Portside Freight & Logistics""}",USD,2023-06-10,BILL-00075,2023-04-11,PAID,8696.72,9327.23,630.51,ACCPAY,0.00,9327.23,0.00
inv-241,"{""ContactID"": ""6e00dc03-e07e-4772-ab3f-977e394f5b71"", ""Name"": ""Frontier Engineering Partners""}",USD,2022-06-08,INV-00166,2022-05-24,AUTHORISED,44305.02,47738.66,3433.64,ACCREC,47738.66,0.00,0.00
inv-242,"{""ContactID"": ""a5864997-f9a5-410b-a0c0-8919aaf41ea7"", ""Name"": ""Olivia Nguyen""}",USD,2022-08-04,INV-00167,2022-06-20,PAID,13527.07,13527.07,0.00,ACCREC,0.00,13527.07,0.00
inv-243,"{""ContactID"": ""7267349e-528a-489a-8cca-00ae7457dc4e"", ""Name"": ""Tidewater Marine Systems""}",USD,2025-01-25,INV-00168,2024-12-11,AUTHORISED,115871.26,115871.26,0.00,ACCREC,115871.26,0.00,0.00
inv-244,"{""ContactID"": ""0a5b2fa9-8eec-4d6d-9b90-6b7a557aefd6"", ""Name"": ""Portside Freight & Logistics""}",USD,2023-10-07,BILL-00076,2023-09-07,PAID,93945.19,93945.19,0.00,ACCPAY,0.00,93945.19,0.00
inv-245,"{""ContactID"": ""f3fdea38-5556-41ca-ab56-7977a16d778f"", ""Name"": ""Stonebridge Legal""}",USD,2024-02-05,BILL-00077,2024-01-06,PAID,64792.31,64792.31,0.00,ACCPAY,0.00,64792.31,0.00
inv-246,"{""ContactID"": ""e1720818-d15c-4507-a3e1-c3e1dddbfb40"", ""Name"": ""Orion Aerospace Components""}",USD,2024-02-01,INV-00169,2023-12-18,DRAFT,605972.01,605972.01,0.00,ACCREC,605972.01,0.00,0.00
inv-247,"{""ContactID"": ""f4f9c1c6-032b-4b17-852b-8dfd9f71ec3e"", ""Name"": ""Summit Medical Devices""}",USD,2021-12-03,INV-00170,2021-11-03,AUTHORISED,94860.62,94860.62,0.00,ACCREC,94860.62,0.00,0.00
inv-248,"{""ContactID"": ""db7adbfe-6226-48b6-b101-295834e7fb30"", ""Name"": ""Maya Chen""}",USD,2024-01-11,INV-00171,2023-11-12,PAID,82984.23,82984.23,0.00,ACCREC,0.00,82984.23,0.00
inv-249,"{""ContactID"": ""e1720818-d15c-4507-a3e1-c3e1dddbfb40"", ""Name"": ""Orion Aerospace Components""}",USD,2022-10-09,INV-00172,2022-09-24,AUTHORISED,147420.45,147420.45,0.00,ACCREC,139392.98,0.00,8027.47
inv-250,"{""ContactID"": ""9a4137f4-a9a8-4620-be6f-55aa8a1b2bc4"", ""Name"": ""Avery Brooks""}",USD,2021-05-19,INV-00173,2021-05-04,PAID,86292.64,86292.64,0.00,ACCREC,0.00,86292.64,0.00
inv-251,"{""ContactID"": ""59870b17-8538-4a62-888a-55a0508d0687"", ""Name"": ""Helios Solar Hardware""}",EUR,2024-10-14,INV-00174,2024-08-15,AUTHORISED,160711.71,174372.21,13660.50,ACCREC,174372.21,0.00,0.00
inv-252,"{""ContactID"": ""99d22e5a-300a-4673-b9f5-b4710e178cd4"", ""Name"": ""Cascade Packaging Supply""}",USD,2024-10-17,BILL-00078,2024-09-17,PAID,33364.25,33364.25,0.00,ACCPAY,0.00,33364.25,0.00
inv-253,"{""ContactID"": ""298a050a-d6e0-46e5-b5dd-64e5ba22af07"", ""Name"": ""Atlas Mobility Solutions""}",USD,2022-04-17,INV-00175,2022-04-02,PAID,176182.10,176182.10,0.00,ACCREC,0.00,176182.10,0.00
inv-254,"{""ContactID"": ""eb4ef07f-5926-475e-aa88-b09fb7b4580e"", ""Name"": ""Redstone Powertrain""}",USD,2022-05-16,INV-00176,2022-04-16,PAID,30034.04,31535.74,1501.70,ACCREC,0.00,28823.04,2712.70
inv-255,"{""ContactID"": ""6e00dc03-e07e-4772-ab3f-977e394f5b71"", ""Name"": ""Frontier Engineering Partners""}",USD,2021-03-04,INV-00177,2021-02-02,AUTHORISED,638560.18,638560.18,0.00,ACCREC,613560.18,0.00,25000.00
inv-256,"{""ContactID"": ""f4f9c1c6-032b-4b17-852b-8dfd9f71ec3e"", ""Name"": ""Summit Medical Devices""}",USD,2022-05-25,INV-00178,2022-04-25,PAID,140251.29,150419.51,10168.22,ACCREC,0.00,150419.51,0.00
inv-257,"{""ContactID"": ""6180c761-2e2d-4359-b97f-4caea8ac2eb3"", ""Name"": ""Statewide Tax Advisory""}",USD,2022-11-30,BILL-00079,2022-10-16,AUTHORISED,83306.41,89346.12,6039.71,ACCPAY,89346.12,0.00,0.00
inv-258,"{""ContactID"": ""eb4ef07f-5926-475e-aa88-b09fb7b4580e"", ""Name"": ""Redstone Powertrain""}",USD,2024-03-16,INV-00179,2024-02-15,PAID,78328.10,84985.99,6657.89,ACCREC,0.00,84985.99,0.00
inv-259,"{""ContactID"": ""e3d1b90c-0e97-47b5-a8a4-e4e8dc865684"", ""Name"": ""Ethan Ramirez""}",USD,2023-07-02,INV-00180,2023-05-03,AUTHORISED,69321.68,69321.68,0.00,ACCREC,69321.68,0.00,0.00
inv-260,"{""ContactID"": ""d8fbc544-7c2a-495b-9744-f5dc3653d73c"", ""Name"": ""Northstar Energy Controls""}",USD,2025-01-19,INV-00181,2024-12-20,AUTHORISED,164866.56,176819.39,11952.83,ACCREC,176819.39,0.00,0.00
inv-261,"{""ContactID"": ""c1367c6d-cb3a-4447-b0ea-08298f35ee57"", ""Name"": ""Pacific Rail Technologies""}",GBP,2022-11-23,INV-00182,2022-11-08,PAID,152866.18,152866.18,0.00,ACCREC,0.00,152866.18,0.00
inv-262,"{""ContactID"": ""9a4137f4-a9a8-4620-be6f-55aa8a1b2bc4"", ""Name"": ""Avery Brooks""}",USD,2024-10-26,INV-00183,2024-10-11,PAID,35898.98,35898.98,0.00,ACCREC,0.00,35898.98,0.00
inv-263,"{""ContactID"": ""298a050a-d6e0-46e5-b5dd-64e5ba22af07"", ""Name"": ""Atlas Mobility Solutions""}",USD,2022-12-28,INV-00184,2022-11-13,PAID,5221.73,5482.82,261.09,ACCREC,0.00,5482.82,0.00
inv-264,"{""ContactID"": ""24436320-fee6-44e9-addb-98324162aa87"", ""Name"": ""Vertex Industrial Gases""}",USD,2022-06-11,BILL-00080,2022-05-12,AUTHORISED,23116.78,23116.78,0.00,ACCPAY,23116.78,0.00,0.00
inv-265,"{""ContactID"": ""253817ff-ffa3-457b-a1a0-13648769c21b"", ""Name"": ""Ironwood Contract Manufacturing""}",USD,2024-10-05,INV-00185,2024-08-21,AUTHORISED,66336.92,66336.92,0.00,ACCREC,66336.92,0.00,0.00
inv-266,"{""ContactID"": ""512cb1b9-42fc-4c47-a3dd-b0a8468e5a7c"", ""Name"": ""Copper Ridge Metals""}",USD,2022-11-17,BILL-00081,2022-10-18,AUTHORISED,39616.40,39616.40,0.00,ACCPAY,39616.40,0.00,0.00
inv-267,"{""ContactID"": ""1d3d34db-a180-4a99-baa0-d5f463977fcb"", ""Name"": ""Sequoia Smart Home""}",USD,2022-08-18,INV-00186,2022-06-19,AUTHORISED,37324.04,37324.04,0.00,ACCREC,37324.04,0.00,0.00
inv-268,"{""ContactID"": ""66082cba-23f6-416c-8d5c-e6d0809d0873"", ""Name"": ""Cascadia Robotics""}",USD,2024-12-18,INV-00187,2024-11-03,AUTHORISED,148332.57,148332.57,0.00,ACCREC,148332.57,0.00,0.00
inv-269,"{""ContactID"": ""66082cba-23f6-416c-8d5c-e6d0809d0873"", ""Name"": ""Cascadia Robotics""}",USD,2023-01-22,INV-00188,2022-12-23,AUTHORISED,99511.97,104487.57,4975.60,ACCREC,104487.57,0.00,0.00
inv-270,"{""ContactID"": ""550993bd-3229-49ff-b457-a1e4e9624c99"", ""Name"": ""Liam Turner""}",USD,2021-06-17,BILL-00082,2021-06-02,PAID,39471.07,42332.72,2861.65,ACCPAY,0.00,42332.72,0.00
inv-271,"{""ContactID"": ""d8fbc544-7c2a-495b-9744-f5dc3653d73c"", ""Name"": ""Northstar Energy Controls""}",USD,2022-05-23,INV-00189,2022-03-24,AUTHORISED,112165.75,112165.75,0.00,ACCREC,112165.75,0.00,0.00
inv-272,"{""ContactID"": ""1d3d34db-a180-4a99-baa0-d5f463977fcb"", ""Name"": ""Sequoia Smart Home""}",USD,2021-03-15,INV-00190,2021-01-14,DRAFT,96471.63,101295.21,4823.58,ACCREC,101295.21,0.00,0.00
inv-273,"{""ContactID"": ""4dacfaa7-11b2-45c3-926d-db71f424c8d7"", ""Name"": ""Jordan Patel""}",USD,2025-01-29,INV-00191,2024-11-30,AUTHORISED,163984.77,163984.77,0.00,ACCREC,163984.77,0.00,0.00
inv-274,"{""ContactID"": ""f4f9c1c6-032b-4b17-852b-8dfd9f71ec3e"", ""Name"": ""Summit Medical Devices""}",USD,2024-01-29,INV-00192,2023-12-15,PAID,49950.14,49950.14,0.00,ACCREC,0.00,49950.14,0.00
inv-275,"{""ContactID"": ""e1720818-d15c-4507-a3e1-c3e1dddbfb40"", ""Name"": ""Orion Aerospace Components""}",USD,2024-12-28,INV-00193,2024-11-28,AUTHORISED,149481.02,156955.07,7474.05,ACCREC,156955.07,0.00,0.00
inv-276,"{""ContactID"": ""66082cba-23f6-416c-8d5c-e6d0809d0873"", ""Name"": ""Cascadia Robotics""}",USD,2024-04-06,INV-00194,2024-02-06,DRAFT,4177.41,4177.41,0.00,ACCREC,4177.41,0.00,0.00
inv-277,"{""ContactID"": ""eb4ef07f-5926-475e-aa88-b09fb7b4580e"", ""Name"": ""Redstone Powertrain""}",USD,2022-11-25,INV-00195,2022-11-10,PAID,165649.52,179729.73,14080.21,ACCREC,0.00,179729.73,0.00
inv-278,"{""ContactID"": ""cf2c1de3-fd04-4814-b314-10ac9f5e28e1"", ""Name"": ""Kestrel Surface Finishing""}",USD,2024-12-17,BILL-00083,2024-11-02,PAID,53751.68,53751.68,0.00,ACCPAY,0.00,53751.68,0.00
inv-279,"{""ContactID"": ""59870b17-8538-4a62-888a-55a0508d0687"", ""Name"": ""Helios Solar Hardware""}",EUR,2022-03-31,INV-00196,2022-03-01,PAID,129006.27,129006.27,0.00,ACCREC,0.00,129006.27,0.00
inv-280,"{""ContactID"": ""9a4137f4-a9a8-4620-be6f-55aa8a1b2bc4"", ""Name"": ""Avery Brooks""}",USD,2023-04-22,INV-00197,2023-03-08,AUTHORISED,133804.77,133804.77,0.00,ACCREC,133804.77,0.00,0.00
inv-281,"{""ContactID"": ""a97b7a0c-f572-4527-b6da-6e4cb6e57e39"", ""Name"": ""Noah Singh""}",USD,2022-12-25,BILL-00084,2022-12-10,AUTHORISED,22437.61,22437.61,0.00,ACCPAY,22437.61,0.00,0.00
inv-282,"{""ContactID"": ""1d3d34db-a180-4a99-baa0-d5f463977fcb"", ""Name"": ""Sequoia Smart Home""}",USD,2024-07-03,INV-00198,2024-05-04,PAID,60431.85,65568.56,5136.71,ACCREC,0.00,65568.56,0.00
inv-283,"{""ContactID"": ""e1720818-d15c-4507-a3e1-c3e1dddbfb40"", ""Name"": ""Orion Aerospace Components""}",USD,2023-04-09,INV-00199,2023-02-08,AUTHORISED,106492.83,106492.83,0.00,ACCREC,106492.83,0.00,0.00
inv-284,"{""ContactID"": ""84dabdd5-6884-474a-a301-5d6f90390816"", ""Name"": ""Pioneer Industrial Systems""}",USD,2021-06-15,INV-00200,2021-05-31,AUTHORISED,69950.00,69950.00,0.00,ACCREC,69950.00,0.00,0.00
inv-285,"{""ContactID"": ""59870b17-8538-4a62-888a-55a0508d0687"", ""Name"": ""Helios Solar Hardware""}",EUR,2021-07-22,INV-00201,2021-07-07,PAID,81440.62,81440.62,0.00,ACCREC,0.00,81440.62,0.00
inv-286,"{""ContactID"": ""9a4137f4-a9a8-4620-be6f-55aa8a1b2bc4"", ""Name"": ""Avery Brooks""}",USD,2024-04-15,INV-00202,2024-02-15,AUTHORISED,18407.34,18407.34,0.00,ACCREC,18407.34,0.00,0.00
inv-287,"{""ContactID"": ""f3fdea38-5556-41ca-ab56-7977a16d778f"", ""Name"": ""Stonebridge Legal""}",USD,2021-03-12,BILL-00085,2021-01-26,AUTHORISED,74131.48,79506.01,5374.53,ACCPAY,79506.01,0.00,0.00
inv-288,"{""ContactID"": ""e1720818-d15c-4507-a3e1-c3e1dddbfb40"", ""Name"": ""Orion Aerospace Components""}",USD,2023-03-21,INV-00203,2023-02-19,AUTHORISED,55950.80,55950.80,0.00,ACCREC,55950.80,0.00,0.00
inv-289,"{""ContactID"": ""4dacfaa7-11b2-45c3-926d-db71f424c8d7"", ""Name"": ""Jordan Patel""}",USD,2023-10-04,INV-00204,2023-09-19,AUTHORISED,170099.46,170099.46,0.00,ACCREC,170099.46,0.00,0.00
inv-290,"{""ContactID"": ""c1367c6d-cb3a-4447-b0ea-08298f35ee57"", ""Name"": ""Pacific Rail Technologies""}",GBP,2021-11-19,INV-00205,2021-10-05,DRAFT,72735.33,72735.33,0.00,ACCREC,72735.33,0.00,0.00
inv-291,"{""ContactID"": ""24436320-fee6-44e9-addb-98324162aa87"", ""Name"": ""Vertex Industrial Gases""}",USD,2023-08-05,BILL-00086,2023-06-21,PAID,78324.08,84002.58,5678.50,ACCPAY,0.00,84002.58,0.00
inv-292,"{""ContactID"": ""5fd809d5-60d7-4e54-92e5-97ba760a30c6"", ""Name"": ""Cedar Valley Automation""}",USD,2024-12-24,INV-00206,2024-11-24,PAID,34030.62,34030.62,0.00,ACCREC,0.00,34030.62,0.00
inv-293,"{""ContactID"": ""f4f9c1c6-032b-4b17-852b-8dfd9f71ec3e"", ""Name"": ""Summit Medical Devices""}",USD,2024-04-24,INV-00207,2024-03-25,AUTHORISED,52253.28,52253.28,0.00,ACCREC,52253.28,0.00,0.00
inv-294,"{""ContactID"": ""e3d1b90c-0e97-47b5-a8a4-e4e8dc865684"", ""Name"": ""Ethan Ramirez""}",USD,2024-02-22,INV-00208,2024-01-23,PAID,100142.60,100142.60,0.00,ACCREC,0.00,100142.60,0.00
inv-295,"{""ContactID"": ""7267349e-528a-489a-8cca-00ae7457dc4e"", ""Name"": ""Tidewater Marine Systems""}",USD,2022-09-04,INV-00209,2022-08-20,PAID,143729.09,143729.09,0.00,ACCREC,0.00,143729.09,0.00
inv-296,"{""ContactID"": ""6e00dc03-e07e-4772-ab3f-977e394f5b71"", ""Name"": ""Frontier Engineering Partners""}",USD,2024-10-10,INV-00210,2024-09-10,PAID,142561.13,154678.83,12117.70,ACCREC,0.00,154678.83,0.00
inv-297,"{""ContactID"": ""eb4ef07f-5926-475e-aa88-b09fb7b4580e"", ""Name"": ""Redstone Powertrain""}",USD,2025-01-16,INV-00211,2024-11-17,AUTHORISED,142852.96,149995.61,7142.65,ACCREC,149995.61,0.00,0.00
inv-298,"{""ContactID"": ""84dabdd5-6884-474a-a301-5d6f90390816"", ""Name"": ""Pioneer Industrial Systems""}",USD,2024-11-07,INV-00212,2024-09-23,AUTHORISED,111250.33,111250.33,0.00,ACCREC,111250.33,0.00,0.00
inv-299,"{""ContactID"": ""550993bd-3229-49ff-b457-a1e4e9624c99"", ""Name"": ""Liam Turner""}",USD,2023-01-10,BILL-00087,2022-11-11,AUTHORISED,9818.32,9818.32,0.00,ACCPAY,9818.32,0.00,0.00
inv-300,"{""ContactID"": ""db7adbfe-6226-48b6-b101-295834e7fb30"", ""Name"": ""Maya Chen""}",USD,2024-12-09,INV-00213,2024-11-09,PAID,71926.31,71926.31,0.00,ACCREC,0.00,71926.31,0.00
inv-301,"{""ContactID"": ""9a4137f4-a9a8-4620-be6f-55aa8a1b2bc4"", ""Name"": ""Avery Brooks""}",USD,2021-04-21,INV-00214,2021-02-20,AUTHORISED,76335.64,76335.64,0.00,ACCREC,76335.64,0.00,0.00
inv-302,"{""ContactID"": ""f4f9c1c6-032b-4b17-852b-8dfd9f71ec3e"", ""Name"": ""Summit Medical Devices""}",USD,2022-11-15,INV-00215,2022-10-01,PAID,39218.95,39218.95,0.00,ACCREC,0.00,39218.95,0.00
inv-303,"{""ContactID"": ""99d22e5a-300a-4673-b9f5-b4710e178cd4"", ""Name"": ""Cascade Packaging Supply""}",USD,2022-10-31,BILL-00088,2022-10-16,AUTHORISED,77062.57,77062.57,0.00,ACCPAY,77062.57,0.00,0.00
inv-304,"{""ContactID"": ""59870b17-8538-4a62-888a-55a0508d0687"", ""Name"": ""Helios Solar Hardware""}",EUR,2024-11-17,INV-00216,2024-10-18,PAID,133936.88,133936.88,0.00,ACCREC,0.00,133936.88,0.00
inv-305,"{""ContactID"": ""84dabdd5-6884-474a-a301-5d6f90390816"", ""Name"": ""Pioneer Industrial Systems""}",USD,2023-09-04,INV-00217,2023-08-05,PAID,114282.46,114282.46,0.00,ACCREC,0.00,114282.46,0.00
inv-306,"{""ContactID"": ""6180c761-2e2d-4359-b97f-4caea8ac2eb3"", ""Name"": ""Statewide Tax Advisory""}",USD,2022-04-10,BILL-00089,2022-02-09,PAID,37244.98,39945.24,2700.26,ACCPAY,0.00,39945.24,0.00
inv-307,"{""ContactID"": ""512cb1b9-42fc-4c47-a3dd-b0a8468e5a7c"", ""Name"": ""Copper Ridge Metals""}",USD,2021-05-24,BILL-00090,2021-05-09,PAID,51236.01,51236.01,0.00,ACCPAY,0.00,51236.01,0.00
inv-308,"{""ContactID"": ""c1367c6d-cb3a-4447-b0ea-08298f35ee57"", ""Name"": ""Pacific Rail Technologies""}",GBP,2024-12-04,INV-00218,2024-10-05,PAID,115941.77,115941.77,0.00,ACCREC,0.00,115941.77,0.00
inv-309,"{""ContactID"": ""9a4137f4-a9a8-4620-be6f-55aa8a1b2bc4"", ""Name"": ""Avery Brooks""}",USD,2023-08-26,INV-00219,2023-07-27,PAID,127812.93,127812.93,0.00,ACCREC,0.00,127812.93,0.00
inv-310,"{""ContactID"": ""a5864997-f9a5-410b-a0c0-8919aaf41ea7"", ""Name"": ""Olivia Nguyen""}",USD,2021-09-29,INV-00220,2021-08-30,AUTHORISED,34990.40,34990.40,0.00,ACCREC,34990.40,0.00,0.00
inv-311,"{""ContactID"": ""253817ff-ffa3-457b-a1a0-13648769c21b"", ""Name"": ""Ironwood Contract Manufacturing""}",USD,2023-04-26,INV-00221,2023-02-25,AUTHORISED,115301.54,115301.54,0.00,ACCREC,115301.54,0.00,0.00
inv-312,"{""ContactID"": ""ae0395d0-796b-40c2-af22-30d5d49dde5a"", ""Name"": ""Granite Defense Manufacturing""}",CAD,2023-11-14,INV-00222,2023-09-30,AUTHORISED,58337.95,58337.95,0.00,ACCREC,58337.95,0.00,0.00
inv-313,"{""ContactID"": ""eb4ef07f-5926-475e-aa88-b09fb7b4580e"", ""Name"": ""Redstone Powertrain""}",USD,2021-11-06,INV-00223,2021-10-07,PAID,173579.66,173579.66,0.00,ACCREC,0.00,173579.66,0.00
inv-314,"{""ContactID"": ""7267349e-528a-489a-8cca-00ae7457dc4e"", ""Name"": ""Tidewater Marine Systems""}",USD,2023-08-28,INV-00224,2023-06-29,AUTHORISED,102858.11,102858.11,0.00,ACCREC,98488.25,0.00,4369.86
inv-315,"{""ContactID"": ""ed87359f-912b-4422-a4c9-436f68e965d2"", ""Name"": ""BlueRiver HVAC Group""}",USD,2023-09-24,INV-00225,2023-07-26,PAID,22594.95,22594.95,0.00,ACCREC,0.00,22594.95,0.00
inv-316,"{""ContactID"": ""298a050a-d6e0-46e5-b5dd-64e5ba22af07"", ""Name"": ""Atlas Mobility Solutions""}",USD,2021-05-26,INV-00226,2021-03-27,PAID,178185.19,191103.62,12918.43,ACCREC,0.00,191103.62,0.00
inv-317,"{""ContactID"": ""382f1c3d-9b9f-44bb-97fe-500db840261c"", ""Name"": ""EverAudit CPAs""}",USD,2023-08-25,BILL-00091,2023-07-11,AUTHORISED,77680.85,77680.85,0.00,ACCPAY,77680.85,0.00,0.00
inv-318,"{""ContactID"": ""0a5b2fa9-8eec-4d6d-9b90-6b7a557aefd6"", ""Name"": ""Portside Freight & Logistics""}",USD,2022-05-31,BILL-00092,2022-05-01,PAID,56058.81,56058.81,0.00,ACCPAY,0.00,56058.81,0.00
inv-319,"{""ContactID"": ""5fd809d5-60d7-4e54-92e5-97ba760a30c6"", ""Name"": ""Cedar Valley Automation""}",USD,2022-01-05,INV-00227,2021-12-06,PAID,146901.55,146901.55,0.00,ACCREC,0.00,146901.55,0.00
inv-320,"{""ContactID"": ""7267349e-528a-489a-8cca-00ae7457dc4e"", ""Name"": ""Tidewater Marine Systems""}",USD,2022-01-25,INV-00228,2021-12-11,PAID,54442.66,57164.79,2722.13,ACCREC,0.00,57164.79,0.00
inv-321,"{""ContactID"": ""6180c761-2e2d-4359-b97f-4caea8ac2eb3"", ""Name"": ""Statewide Tax Advisory""}",USD,2023-05-08,BILL-00093,2023-04-23,PAID,82436.00,82436.00,0.00,ACCPAY,0.00,82436.00,0.00
inv-322,"{""ContactID"": ""7267349e-528a-489a-8cca-00ae7457dc4e"", ""Name"": ""Tidewater Marine Systems""}",USD,2025-02-10,INV-00229,2024-12-27,AUTHORISED,137661.56,137661.56,0.00,ACCREC,137661.56,0.00,0.00
inv-323,"{""ContactID"": ""d0c64b5a-a2b1-465b-9a81-657db3294835"", ""Name"": ""Evergreen Agricultural Equipment""}",USD,2023-06-28,INV-00230,2023-04-29,PAID,114968.93,114968.93,0.00,ACCREC,0.00,114968.93,0.00
inv-324,"{""ContactID"": ""db7adbfe-6226-48b6-b101-295834e7fb30"", ""Name"": ""Maya Chen""}",USD,2023-03-27,INV-00231,2023-01-26,PAID,753187.94,753187.94,0.00,ACCREC,0.00,753187.94,0.00
inv-325,"{""ContactID"": ""84dabdd5-6884-474a-a301-5d6f90390816"", ""Name"": ""Pioneer Industrial Systems""}",USD,2024-11-06,INV-00232,2024-09-22,PAID,143732.83,154153.46,10420.63,ACCREC,0.00,154153.46,0.00
inv-326,"{""ContactID"": ""7267349e-528a-489a-8cca-00ae7457dc4e"", ""Name"": ""Tidewater Marine Systems""}",USD,2022-09-18,INV-00233,2022-08-04,PAID,25680.48,26964.50,1284.02,ACCREC,0.00,24736.75,2227.75
inv-327,"{""ContactID"": ""dccdff59-c48c-4088-8023-3559186cc103"", ""Name"": ""TriState Plastics""}",USD,2021-02-18,BILL-00094,2021-02-03,PAID,15429.44,15429.44,0.00,ACCPAY,0.00,15429.44,0.00
inv-328,"{""ContactID"": ""d8fbc544-7c2a-495b-9744-f5dc3653d73c"", ""Name"": ""Northstar Energy Controls""}",USD,2024-12-11,INV-00234,2024-11-11,PAID,56081.13,58885.19,2804.06,ACCREC,0.00,58885.19,0.00
inv-329,"{""ContactID"": ""ed87359f-912b-4422-a4c9-436f68e965d2"", ""Name"": ""BlueRiver HVAC Group""}",USD,2023-03-03,INV-00235,2023-02-01,DRAFT,113544.76,113544.76,0.00,ACCREC,113544.76,0.00,0.00
inv-330,"{""ContactID"": ""ed87359f-912b-4422-a4c9-436f68e965d2"", ""Name"": ""BlueRiver HVAC Group""}",USD,2021-07-21,INV-00236,2021-07-06,DRAFT,87133.19,87133.19,0.00,ACCREC,87133.19,0.00,0.00
inv-331,"{""ContactID"": ""9a4137f4-a9a8-4620-be6f-55aa8a1b2bc4"", ""Name"": ""Avery Brooks""}",USD,2021-02-04,INV-00237,2021-01-20,PAID,147536.85,147536.85,0.00,ACCREC,0.00,147536.85,0.00
inv-332,"{""ContactID"": ""e1720818-d15c-4507-a3e1-c3e1dddbfb40"", ""Name"": ""Orion Aerospace Components""}",USD,2023-03-11,INV-00238,2023-02-24,PAID,20680.82,22180.18,1499.36,ACCREC,0.00,22180.18,0.00
inv-333,"{""ContactID"": ""03e8bd81-fcf7-4260-8abe-1ab3c5165c35"", ""Name"": ""Harborview Insurance Brokers""}",USD,2021-10-30,BILL-00095,2021-09-30,DRAFT,53731.02,53731.02,0.00,ACCPAY,53731.02,0.00,0.00
inv-334,"{""ContactID"": ""6e00dc03-e07e-4772-ab3f-977e394f5b71"", ""Name"": ""Frontier Engineering Partners""}",USD,2023-01-20,INV-00239,2022-12-21,PAID,29368.91,29368.91,0.00,ACCREC,0.00,29368.91,0.00
inv-335,"{""ContactID"": ""5fd809d5-60d7-4e54-92e5-97ba760a30c6"", ""Name"": ""Cedar Valley Automation""}",USD,2021-08-24,INV-00240,2021-07-25,PAID,107149.37,115453.45,8304.08,ACCREC,0.00,115453.45,0.00
inv-336,"{""ContactID"": ""eb4ef07f-5926-475e-aa88-b09fb7b4580e"", ""Name"": ""Redstone Powertrain""}",USD,2024-08-28,INV-00241,2024-08-13,AUTHORISED,109177.33,109177.33,0.00,ACCREC,109177.33,0.00,0.00
inv-337,"{""ContactID"": ""ae0395d0-796b-40c2-af22-30d5d49dde5a"", ""Name"": ""Granite Defense Manufacturing""}",CAD,2024-10-25,INV-00242,2024-09-10,AUTHORISED,110229.52,110229.52,0.00,ACCREC,110229.52,0.00,0.00
inv-338,"{""ContactID"": ""2e1af66a-ed2b-4af7-b5cc-b1e0ae96bc41"", ""Name"": ""PrecisionForge Machining""}",USD,2022-07-05,BILL-00096,2022-05-06,AUTHORISED,23282.23,24446.34,1164.11,ACCPAY,24446.34,0.00,0.00
inv-339,"{""ContactID"": ""dad6a0b3-961f-48ad-8627-485ffc17a70b"", ""Name"": ""Sierra Tooling & Dies""}",USD,2023-02-24,BILL-00097,2023-01-10,AUTHORISED,81846.92,81846.92,0.00,ACCPAY,81846.92,0.00,0.00
inv-340,"{""ContactID"": ""512cb1b9-42fc-4c47-a3dd-b0a8468e5a7c"", ""Name"": ""Copper Ridge Metals""}",USD,2023-09-07,BILL-00098,2023-08-23,DRAFT,6881.83,6881.83,0.00,ACCPAY,6881.83,0.00,0.00
inv-341,"{""ContactID"": ""e1720818-d15c-4507-a3e1-c3e1dddbfb40"", ""Name"": ""Orion Aerospace Components""}",USD,2021-07-03,INV-00243,2021-05-04,PAID,114071.30,114071.30,0.00,ACCREC,0.00,114071.30,0.00
inv-342,"{""ContactID"": ""4dacfaa7-11b2-45c3-926d-db71f424c8d7"", ""Name"": ""Jordan Patel""}",USD,2024-02-03,INV-00244,2024-01-04,AUTHORISED,57508.47,57508.47,0.00,ACCREC,57508.47,0.00,0.00
inv-343,"{""ContactID"": ""ae0395d0-796b-40c2-af22-30d5d49dde5a"", ""Name"": ""Granite Defense Manufacturing""}",CAD,2023-03-27,INV-00245,2023-03-12,AUTHORISED,80153.77,80153.77,0.00,ACCREC,80153.77,0.00,0.00
inv-344,"{""ContactID"": ""4e386703-b7b9-40b4-9d45-d68d8e5042c3"", ""Name"": ""Sophia Lopez""}",USD,2021-10-25,BILL-00099,2021-08-26,PAID,5700.20,6113.46,413.26,ACCPAY,0.00,6113.46,0.00
inv-345,"{""ContactID"": ""550993bd-3229-49ff-b457-a1e4e9624c99"", ""Name"": ""Liam Turner""}",USD,2024-12-22,BILL-00100,2024-12-07,AUTHORISED,90560.03,90560.03,0.00,ACCPAY,90560.03,0.00,0.00
inv-346,"{""ContactID"": ""6e00dc03-e07e-4772-ab3f-977e394f5b71"", ""Name"": ""Frontier Engineering Partners""}",USD,2022-01-22,BILL-00101,2021-12-08,AUTHORISED,74316.22,74316.22,0.00,ACCPAY,74316.22,0.00,0.00
inv-347,"{""ContactID"": ""03e8bd81-fcf7-4260-8abe-1ab3c5165c35"", ""Name"": ""Harborview Insurance Brokers""}",USD,2021-04-16,BILL-00102,2021-03-02,PAID,26202.17,26202.17,0.00,ACCPAY,0.00,26202.17,0.00
inv-348,"{""ContactID"": ""ed87359f-912b-4422-a4c9-436f68e965d2"", ""Name"": ""BlueRiver HVAC Group""}",USD,2021-08-06,INV-00246,2021-06-07,PAID,66421.99,66421.99,0.00,ACCREC,0.00,66421.99,0.00
inv-349,"{""ContactID"": ""e3d1b90c-0e97-47b5-a8a4-e4e8dc865684"", ""Name"": ""Ethan Ramirez""}",USD,2021-08-14,INV-00247,2021-07-30,AUTHORISED,810903.52,810903.52,0.00,ACCREC,810903.52,0.00,0.00
inv-350,"{""ContactID"": ""6e00dc03-e07e-4772-ab3f-977e394f5b71"", ""Name"": ""Frontier Engineering Partners""}",USD,2021-12-04,INV-00248,2021-11-04,PAID,154703.62,167853.43,13149.81,ACCREC,0.00,167853.43,0.00
inv-351,"{""ContactID"": ""253817ff-ffa3-457b-a1a0-13648769c21b"", ""Name"": ""Ironwood Contract Manufacturing""}",USD,2022-12-02,INV-00249,2022-10-18,PAID,103947.63,103947.63,0.00,ACCREC,0.00,103947.63,0.00
inv-352,"{""ContactID"": ""59870b17-8538-4a62-888a-55a0508d0687"", ""Name"": ""Helios Solar Hardware""}",EUR,2023-12-08,INV-00250,2023-11-23,PAID,14734.44,14734.44,0.00,ACCREC,0.00,14734.44,0.00
inv-353,"{""ContactID"": ""1d3d34db-a180-4a99-baa0-d5f463977fcb"", ""Name"": ""Sequoia Smart Home""}",USD,2024-04-07,INV-00251,2024-02-07,DRAFT,38119.13,38119.13,0.00,ACCREC,38119.13,0.00,0.00
inv-354,"{""ContactID"": ""eb4ef07f-5926-475e-aa88-b09fb7b4580e"", ""Name"": ""Redstone Powertrain""}",USD,2023-09-23,INV-00252,2023-08-09,PAID,90071.52,90071.52,0.00,ACCREC,0.00,90071.52,0.00
inv-355,"{""ContactID"": ""382f1c3d-9b9f-44bb-97fe-500db840261c"", ""Name"": ""EverAudit CPAs""}",USD,2022-06-17,BILL-00103,2022-05-18,DRAFT,39248.41,39248.41,0.00,ACCPAY,39248.41,0.00,0.00
inv-356,"{""ContactID"": ""c1367c6d-cb3a-4447-b0ea-08298f35ee57"", ""Name"": ""Pacific Rail Technologies""}",GBP,2024-12-06,INV-00253,2024-11-21,PAID,2759.51,2973.37,213.86,ACCREC,0.00,2973.37,0.00
inv-357,"{""ContactID"": ""ed87359f-912b-4422-a4c9-436f68e965d2"", ""Name"": ""BlueRiver HVAC Group""}",USD,2022-07-02,INV-00254,2022-05-03,PAID,13131.38,13131.38,0.00,ACCREC,0.00,13131.38,0.00
inv-358,"{""ContactID"": ""2e1af66a-ed2b-4af7-b5cc-b1e0ae96bc41"", ""Name"": ""PrecisionForge Machining""}",USD,2024-01-30,BILL-00104,2023-12-01,PAID,35700.49,37485.51,1785.02,ACCPAY,0.00,37485.51,0.00
inv-359,"{""ContactID"": ""db7adbfe-6226-48b6-b101-295834e7fb30"", ""Name"": ""Maya Chen""}",USD,2024-09-27,INV-00255,2024-07-29,DRAFT,103288.18,110776.57,7488.39,ACCREC,110776.57,0.00,0.00
inv-360,"{""ContactID"": ""5fd809d5-60d7-4e54-92e5-97ba760a30c6"", ""Name"": ""Cedar Valley Automation""}",USD,2022-12-07,INV-00256,2022-10-08,PAID,133025.13,133025.13,0.00,ACCREC,0.00,133025.13,0.00
